Workbook
Name armor: _values!$F$3:$F$7
Name blocking: _values!$O$3:$O$4
Name bludgeoning: _values!$L$3:$L$4
Name channeling: _values!$P$3:$P$4
Name consumable: _values!$G$3:$G$10
Name goods: _values!$H$3:$H$8
Name hacking: _values!$J$3:$J$4
Name heavy: _values!$T$3:$T$6
Name infusing: _values!$R$3:$R$10
Name light: _values!$V$3:$V$6
Name material: _values!$S$3:$S$17
Name medium: _values!$U$3:$U$6
Name miscellaneous: _values!$X$3:$X$6
Name profession: _values!$Z$3:$Z$4
Name projectile: _values!$N$3:$N$4
Name skill: _values!$Y$3:$Y$4
Name slashing: _values!$K$3:$K$4
Name thrusting: _values!$M$3:$M$4
Name trinket: _values!$W$3:$W$6
Name warding: _values!$Q$3:$Q$4
Name weapon: _values!$E$3:$E$12

Sheet items
A1: item_id | B1: template | C1: tts_type | D1: set | E1: name | F1: type | G1: subtype | H1: subsubtype | I1: tier | J1: stat | K1: damage_range | L1: damage_type | M1: damage_range2 | N1: damage_type2 | O1: armor_range | P1: armor_type | Q1: armor_range2 | R1: armor_type2 | S1: base_gold | T1: effect | U1: flavor | V1: cooldown | W1: uses | X1: gmnotes | Y1: image_front | Z1: image_back
A2: IT1 | B2: item_template | C2: tile | D2: mining | E2: Amberstone | F2: goods | G2: material | H2: ore | I2: 0 | J2: =IF(G2="","",IFERROR(IF(G2="infusing",IFERROR(LOOKUP(2,1/ISNUMBER(SEARCH(_lookup!$D$3:$D$4,H2)),_lookup!$E$3:$E$4),"INT"),VLOOKUP(G2,_lookup!$A$3:$B$14,2,FALSE)),"")) | K2: =IF(F2<>"weapon","",IF(G2="miscellaneous","1-4",IF(I2="","",IFERROR(VLOOKUP(I2&"|"&IF(LEFT(H2,2)="2H",2,1)&"|"&IF(G2="slashing",1,0),_lookup!$G$3:$H$18,2,FALSE),"")))) | L2: =IF(K2="","",IF(OR(G2="channeling",G2="infusing"),"Magical",IF(G2="blocking","Anti-Physical",IF(G2="warding","Anti-Magical","Physical")))) | O2: =IF(F2<>"armor","","TBD") | P2: =IF(O2="","",IF(OR(G2="channeling",G2="infusing"),"Magical",IF(G2="blocking","Anti-Physical",IF(G2="warding","Anti-Magical","Physical")))) | S2: 3 | T2: Used to craft tier 0 Weaponsmithing weapons or Armorsmithing heavy armors and shields. | U2: Native to the Woodland, these copper stones have a unique, malleable property that make it useful for fashioning daily equipment. | X2: ore0 | Y2: https://drive.google.com/uc?export=download&id=1_a5uwrAod6Ng8GkAQa3DsRShH7UxdQ3W
A3: IT2 | B3: item_template | C3: tile | D3: mining | E3: Mill Copper | F3: goods | G3: material | H3: ore | I3: 0 | J3: =IF(G3="","",IFERROR(IF(G3="infusing",IFERROR(LOOKUP(2,1/ISNUMBER(SEARCH(_lookup!$D$3:$D$4,H3)),_lookup!$E$3:$E$4),"INT"),VLOOKUP(G3,_lookup!$A$3:$B$14,2,FALSE)),"")) | K3: =IF(F3<>"weapon","",IF(G3="miscellaneous","1-4",IF(I3="","",IFERROR(VLOOKUP(I3&"|"&IF(LEFT(H3,2)="2H",2,1)&"|"&IF(G3="slashing",1,0),_lookup!$G$3:$H$18,2,FALSE),"")))) | L3: =IF(K3="","",IF(OR(G3="channeling",G3="infusing"),"Magical",IF(G3="blocking","Anti-Physical",IF(G3="warding","Anti-Magical","Physical")))) | O3: =IF(F3<>"armor","","TBD") | P3: =IF(O3="","",IF(OR(G3="channeling",G3="infusing"),"Magical",IF(G3="blocking","Anti-Physical",IF(G3="warding","Anti-Magical","Physical")))) | S3: 3 | T3: Used to craft tier 0 Weaponsmithing weapons or Armorsmithing heavy armors and shields. | U3: Stamped by the Marquisate mills, this mass-produced metal rivals the reliability of Amberstone. | X3: ore0 | Y3: https://drive.google.com/uc?export=download&id=1utBTnuoZ1QIfLl264KWZbkUl7HtMo3__
A4: IT3 | B4: item_template | C4: tile | D4: mining | E4: Burrow Iron | F4: goods | G4: material | H4: ore | I4: 1 | J4: =IF(G4="","",IFERROR(IF(G4="infusing",IFERROR(LOOKUP(2,1/ISNUMBER(SEARCH(_lookup!$D$3:$D$4,H4)),_lookup!$E$3:$E$4),"INT"),VLOOKUP(G4,_lookup!$A$3:$B$14,2,FALSE)),"")) | K4: =IF(F4<>"weapon","",IF(G4="miscellaneous","1-4",IF(I4="","",IFERROR(VLOOKUP(I4&"|"&IF(LEFT(H4,2)="2H",2,1)&"|"&IF(G4="slashing",1,0),_lookup!$G$3:$H$18,2,FALSE),"")))) | L4: =IF(K4="","",IF(OR(G4="channeling",G4="infusing"),"Magical",IF(G4="blocking","Anti-Physical",IF(G4="warding","Anti-Magical","Physical")))) | O4: =IF(F4<>"armor","","TBD") | P4: =IF(O4="","",IF(OR(G4="channeling",G4="infusing"),"Magical",IF(G4="blocking","Anti-Physical",IF(G4="warding","Anti-Magical","Physical")))) | S4: 9 | T4: Used to craft tier 1 Weaponsmithing weapons or Armorsmithing heavy armors and shields. | U4: Named after the faction that first dug it up, this cold ore smells faintly of damp autumn soil. | X4: ore1 | Y4: https://drive.google.com/uc?export=download&id=1ngYo7TzWaQswib4wWAreW-3JV09wUrTB
A5: IT4 | B5: item_template | C5: tile | D5: mining | E5: Mill Iron | F5: goods | G5: material | H5: ore | I5: 1 | J5: =IF(G5="","",IFERROR(IF(G5="infusing",IFERROR(LOOKUP(2,1/ISNUMBER(SEARCH(_lookup!$D$3:$D$4,H5)),_lookup!$E$3:$E$4),"INT"),VLOOKUP(G5,_lookup!$A$3:$B$14,2,FALSE)),"")) | K5: =IF(F5<>"weapon","",IF(G5="miscellaneous","1-4",IF(I5="","",IFERROR(VLOOKUP(I5&"|"&IF(LEFT(H5,2)="2H",2,1)&"|"&IF(G5="slashing",1,0),_lookup!$G$3:$H$18,2,FALSE),"")))) | L5: =IF(K5="","",IF(OR(G5="channeling",G5="infusing"),"Magical",IF(G5="blocking","Anti-Physical",IF(G5="warding","Anti-Magical","Physical")))) | O5: =IF(F5<>"armor","","TBD") | P5: =IF(O5="","",IF(OR(G5="channeling",G5="infusing"),"Magical",IF(G5="blocking","Anti-Physical",IF(G5="warding","Anti-Magical","Physical")))) | S5: 9 | T5: Used to craft tier 1 Weaponsmithing weapons or Armorsmithing heavy armors and shields. | U5: While famously known as the signature metal of the Marquisate's armies, its production remains a guarded industrial secret. | X5: ore1 | Y5: https://drive.google.com/uc?export=download&id=1ik08EUjvQBwmTu2MCJ9eBEgpCMer-RsD
A6: IT5 | B6: item_template | C6: tile | D6: mining | E6: Silver | F6: goods | G6: material | H6: ore | I6: 2 | J6: =IF(G6="","",IFERROR(IF(G6="infusing",IFERROR(LOOKUP(2,1/ISNUMBER(SEARCH(_lookup!$D$3:$D$4,H6)),_lookup!$E$3:$E$4),"INT"),VLOOKUP(G6,_lookup!$A$3:$B$14,2,FALSE)),"")) | K6: =IF(F6<>"weapon","",IF(G6="miscellaneous","1-4",IF(I6="","",IFERROR(VLOOKUP(I6&"|"&IF(LEFT(H6,2)="2H",2,1)&"|"&IF(G6="slashing",1,0),_lookup!$G$3:$H$18,2,FALSE),"")))) | L6: =IF(K6="","",IF(OR(G6="channeling",G6="infusing"),"Magical",IF(G6="blocking","Anti-Physical",IF(G6="warding","Anti-Magical","Physical")))) | O6: =IF(F6<>"armor","","TBD") | P6: =IF(O6="","",IF(OR(G6="channeling",G6="infusing"),"Magical",IF(G6="blocking","Anti-Physical",IF(G6="warding","Anti-Magical","Physical")))) | S6: 36 | T6: Used to craft tier 2 Weaponsmithing weapons or Armorsmithing heavy armors and shields. | U6: A precious metal used by ambitious factions to mint coin, purchase allegiance, or forge elegant symbols of authority. | X6: ore2 | Y6: https://drive.google.com/uc?export=download&id=1PyM4XzjeZTvJQX1KdQBtY19XcTxg5pQG
A7: IT6 | B7: item_template | C7: tile | D7: mining | E7: Eyriesteel | F7: goods | G7: material | H7: ore | I7: 2 | J7: =IF(G7="","",IFERROR(IF(G7="infusing",IFERROR(LOOKUP(2,1/ISNUMBER(SEARCH(_lookup!$D$3:$D$4,H7)),_lookup!$E$3:$E$4),"INT"),VLOOKUP(G7,_lookup!$A$3:$B$14,2,FALSE)),"")) | K7: =IF(F7<>"weapon","",IF(G7="miscellaneous","1-4",IF(I7="","",IFERROR(VLOOKUP(I7&"|"&IF(LEFT(H7,2)="2H",2,1)&"|"&IF(G7="slashing",1,0),_lookup!$G$3:$H$18,2,FALSE),"")))) | L7: =IF(K7="","",IF(OR(G7="channeling",G7="infusing"),"Magical",IF(G7="blocking","Anti-Physical",IF(G7="warding","Anti-Magical","Physical")))) | O7: =IF(F7<>"armor","","TBD") | P7: =IF(O7="","",IF(OR(G7="channeling",G7="infusing"),"Magical",IF(G7="blocking","Anti-Physical",IF(G7="warding","Anti-Magical","Physical")))) | S7: 36 | T7: Used to craft tier 2 Weaponsmithing weapons or Armorsmithing heavy armors and shields. | U7: Regally strong, this polished metal reflects the unyielding pride and ancient military might of the Eyrie Dynasty. | X7: ore2 | Y7: https://drive.google.com/uc?export=download&id=1Ep8L_2uiKNnMTI0qXFN616lI61R_amWD
A8: IT7 | B8: item_template | C8: tile | D8: mining | E8: Truesilver | F8: goods | G8: material | H8: ore | I8: 3 | J8: =IF(G8="","",IFERROR(IF(G8="infusing",IFERROR(LOOKUP(2,1/ISNUMBER(SEARCH(_lookup!$D$3:$D$4,H8)),_lookup!$E$3:$E$4),"INT"),VLOOKUP(G8,_lookup!$A$3:$B$14,2,FALSE)),"")) | K8: =IF(F8<>"weapon","",IF(G8="miscellaneous","1-4",IF(I8="","",IFERROR(VLOOKUP(I8&"|"&IF(LEFT(H8,2)="2H",2,1)&"|"&IF(G8="slashing",1,0),_lookup!$G$3:$H$18,2,FALSE),"")))) | L8: =IF(K8="","",IF(OR(G8="channeling",G8="infusing"),"Magical",IF(G8="blocking","Anti-Physical",IF(G8="warding","Anti-Magical","Physical")))) | O8: =IF(F8<>"armor","","TBD") | P8: =IF(O8="","",IF(OR(G8="channeling",G8="infusing"),"Magical",IF(G8="blocking","Anti-Physical",IF(G8="warding","Anti-Magical","Physical")))) | S8: 100 | T8: Used to craft tier 3 Weaponsmithing weapons or Armorsmithing heavy armors and shields. | U8: A legendary, moon-bright metal sought by every faction, whispered to be as light as a feather yet stronger than tempered steel. | X8: ore3 | Y8: https://drive.google.com/uc?export=download&id=1CgdIHu46YReFdMGO-Kogmq45HmG5cPoj
A9: IT8 | B9: item_template | C9: tile | D9: mining | E9: Truesilver Bar | F9: goods | G9: material | H9: ore | I9: 3 | J9: =IF(G9="","",IFERROR(IF(G9="infusing",IFERROR(LOOKUP(2,1/ISNUMBER(SEARCH(_lookup!$D$3:$D$4,H9)),_lookup!$E$3:$E$4),"INT"),VLOOKUP(G9,_lookup!$A$3:$B$14,2,FALSE)),"")) | K9: =IF(F9<>"weapon","",IF(G9="miscellaneous","1-4",IF(I9="","",IFERROR(VLOOKUP(I9&"|"&IF(LEFT(H9,2)="2H",2,1)&"|"&IF(G9="slashing",1,0),_lookup!$G$3:$H$18,2,FALSE),"")))) | L9: =IF(K9="","",IF(OR(G9="channeling",G9="infusing"),"Magical",IF(G9="blocking","Anti-Physical",IF(G9="warding","Anti-Magical","Physical")))) | O9: =IF(F9<>"armor","","TBD") | P9: =IF(O9="","",IF(OR(G9="channeling",G9="infusing"),"Magical",IF(G9="blocking","Anti-Physical",IF(G9="warding","Anti-Magical","Physical")))) | S9: 100 | T9: Used to craft tier 3 Weaponsmithing weapons or Armorsmithing heavy armors and shields. | U9: A flawlessly smelted bar of legendary metal, glowing with a faint inner light and ready to be forged into the woodland’s greatest relics. | X9: ore3 | Y9: https://drive.google.com/uc?export=download&id=1PVzqT1xPogQa9KufxHWpg17296Y7fV5P
A10: IT9 | B10: item_template | C10: tile | D10: mining | E10: Riverglass | F10: goods | G10: material | H10: gem | I10: 0 | J10: =IF(G10="","",IFERROR(IF(G10="infusing",IFERROR(LOOKUP(2,1/ISNUMBER(SEARCH(_lookup!$D$3:$D$4,H10)),_lookup!$E$3:$E$4),"INT"),VLOOKUP(G10,_lookup!$A$3:$B$14,2,FALSE)),"")) | K10: =IF(F10<>"weapon","",IF(G10="miscellaneous","1-4",IF(I10="","",IFERROR(VLOOKUP(I10&"|"&IF(LEFT(H10,2)="2H",2,1)&"|"&IF(G10="slashing",1,0),_lookup!$G$3:$H$18,2,FALSE),"")))) | L10: =IF(K10="","",IF(OR(G10="channeling",G10="infusing"),"Magical",IF(G10="blocking","Anti-Physical",IF(G10="warding","Anti-Magical","Physical")))) | O10: =IF(F10<>"armor","","TBD") | P10: =IF(O10="","",IF(OR(G10="channeling",G10="infusing"),"Magical",IF(G10="blocking","Anti-Physical",IF(G10="warding","Anti-Magical","Physical")))) | S10: 3 | T10: Used to craft tier 0 Jewelcrafting trinkets. | U10: Despite its smooth and polished appearance, this green gem is only found within ore veins, often far from the water. | X10: gem0 | Y10: https://drive.google.com/uc?export=download&id=1SLregdXIDHCXrahi4M1eLyB2G7hsAlr_
A11: IT10 | B11: item_template | C11: tile | D11: mining | E11: Deep Quartz | F11: goods | G11: material | H11: gem | I11: 1 | J11: =IF(G11="","",IFERROR(IF(G11="infusing",IFERROR(LOOKUP(2,1/ISNUMBER(SEARCH(_lookup!$D$3:$D$4,H11)),_lookup!$E$3:$E$4),"INT"),VLOOKUP(G11,_lookup!$A$3:$B$14,2,FALSE)),"")) | K11: =IF(F11<>"weapon","",IF(G11="miscellaneous","1-4",IF(I11="","",IFERROR(VLOOKUP(I11&"|"&IF(LEFT(H11,2)="2H",2,1)&"|"&IF(G11="slashing",1,0),_lookup!$G$3:$H$18,2,FALSE),"")))) | L11: =IF(K11="","",IF(OR(G11="channeling",G11="infusing"),"Magical",IF(G11="blocking","Anti-Physical",IF(G11="warding","Anti-Magical","Physical")))) | O11: =IF(F11<>"armor","","TBD") | P11: =IF(O11="","",IF(OR(G11="channeling",G11="infusing"),"Magical",IF(G11="blocking","Anti-Physical",IF(G11="warding","Anti-Magical","Physical")))) | S11: 11 | T11: Used to craft tier 1 Jewelcrafting trinkets. | U11: A bright, yellow crystal mined from the suffocatingly deep caverns of the world. | X11: gem1 | Y11: https://drive.google.com/uc?export=download&id=1ZAWydmErIxi5antngVWsFLGzcV1cFaEW
A12: IT11 | B12: item_template | C12: tile | D12: mining | E12: Royal Ruby | F12: goods | G12: material | H12: gem | I12: 2 | J12: =IF(G12="","",IFERROR(IF(G12="infusing",IFERROR(LOOKUP(2,1/ISNUMBER(SEARCH(_lookup!$D$3:$D$4,H12)),_lookup!$E$3:$E$4),"INT"),VLOOKUP(G12,_lookup!$A$3:$B$14,2,FALSE)),"")) | K12: =IF(F12<>"weapon","",IF(G12="miscellaneous","1-4",IF(I12="","",IFERROR(VLOOKUP(I12&"|"&IF(LEFT(H12,2)="2H",2,1)&"|"&IF(G12="slashing",1,0),_lookup!$G$3:$H$18,2,FALSE),"")))) | L12: =IF(K12="","",IF(OR(G12="channeling",G12="infusing"),"Magical",IF(G12="blocking","Anti-Physical",IF(G12="warding","Anti-Magical","Physical")))) | O12: =IF(F12<>"armor","","TBD") | P12: =IF(O12="","",IF(OR(G12="channeling",G12="infusing"),"Magical",IF(G12="blocking","Anti-Physical",IF(G12="warding","Anti-Magical","Physical")))) | S12: 45 | T12: Used to craft tier 2 Jewelcrafting trinkets. | U12: Fiercely fought over by aristocratic factions, this brilliant ruby is the ultimate symbol of high status and sovereign authority. | X12: gem2 | Y12: https://drive.google.com/uc?export=download&id=1p7mkkzdnHjzNSexVphkU4wE8FwjGdry-
A13: IT12 | B13: item_template | C13: tile | D13: mining | E13: Shadowgem | F13: goods | G13: material | H13: gem | I13: 3 | J13: =IF(G13="","",IFERROR(IF(G13="infusing",IFERROR(LOOKUP(2,1/ISNUMBER(SEARCH(_lookup!$D$3:$D$4,H13)),_lookup!$E$3:$E$4),"INT"),VLOOKUP(G13,_lookup!$A$3:$B$14,2,FALSE)),"")) | K13: =IF(F13<>"weapon","",IF(G13="miscellaneous","1-4",IF(I13="","",IFERROR(VLOOKUP(I13&"|"&IF(LEFT(H13,2)="2H",2,1)&"|"&IF(G13="slashing",1,0),_lookup!$G$3:$H$18,2,FALSE),"")))) | L13: =IF(K13="","",IF(OR(G13="channeling",G13="infusing"),"Magical",IF(G13="blocking","Anti-Physical",IF(G13="warding","Anti-Magical","Physical")))) | O13: =IF(F13<>"armor","","TBD") | P13: =IF(O13="","",IF(OR(G13="channeling",G13="infusing"),"Magical",IF(G13="blocking","Anti-Physical",IF(G13="warding","Anti-Magical","Physical")))) | S13: 125 | T13: Used to craft tier 3 Jewelcrafting trinkets. | U13: A deep purple stone that seems to swallow the light. Its uses are unknown, but its beauty entices even the most cautious buyers. | X13: gem3 | Y13: https://drive.google.com/uc?export=download&id=1siJAXuly8GOoukB583JgRkYSBZDqg0QV
A14: IT13 | B14: item_template | C14: tile | D14: mining | E14: Moonstone | F14: goods | G14: material | H14: gem | I14: 3 | J14: =IF(G14="","",IFERROR(IF(G14="infusing",IFERROR(LOOKUP(2,1/ISNUMBER(SEARCH(_lookup!$D$3:$D$4,H14)),_lookup!$E$3:$E$4),"INT"),VLOOKUP(G14,_lookup!$A$3:$B$14,2,FALSE)),"")) | K14: =IF(F14<>"weapon","",IF(G14="miscellaneous","1-4",IF(I14="","",IFERROR(VLOOKUP(I14&"|"&IF(LEFT(H14,2)="2H",2,1)&"|"&IF(G14="slashing",1,0),_lookup!$G$3:$H$18,2,FALSE),"")))) | L14: =IF(K14="","",IF(OR(G14="channeling",G14="infusing"),"Magical",IF(G14="blocking","Anti-Physical",IF(G14="warding","Anti-Magical","Physical")))) | O14: =IF(F14<>"armor","","TBD") | P14: =IF(O14="","",IF(OR(G14="channeling",G14="infusing"),"Magical",IF(G14="blocking","Anti-Physical",IF(G14="warding","Anti-Magical","Physical")))) | S14: 125 | T14: Used to craft tier 3 Jewelcrafting trinkets. | U14: A glowing cyan gem that mirrors the cold night sky, said by woodland mystics to bring good fortune to those who travel after dark. | X14: gem3 | Y14: https://drive.google.com/uc?export=download&id=1KMimIV61oBYMt06wuK8LXmVNmKWxE81S
A15: IT14 | B15: item_template | C15: tile | D15: mining | E15: Rock | F15: goods | G15: junk | I15: 0 | J15: =IF(G15="","",IFERROR(IF(G15="infusing",IFERROR(LOOKUP(2,1/ISNUMBER(SEARCH(_lookup!$D$3:$D$4,H15)),_lookup!$E$3:$E$4),"INT"),VLOOKUP(G15,_lookup!$A$3:$B$14,2,FALSE)),"")) | K15: =IF(F15<>"weapon","",IF(G15="miscellaneous","1-4",IF(I15="","",IFERROR(VLOOKUP(I15&"|"&IF(LEFT(H15,2)="2H",2,1)&"|"&IF(G15="slashing",1,0),_lookup!$G$3:$H$18,2,FALSE),"")))) | L15: =IF(K15="","",IF(OR(G15="channeling",G15="infusing"),"Magical",IF(G15="blocking","Anti-Physical",IF(G15="warding","Anti-Magical","Physical")))) | O15: =IF(F15<>"armor","","TBD") | P15: =IF(O15="","",IF(OR(G15="channeling",G15="infusing"),"Magical",IF(G15="blocking","Anti-Physical",IF(G15="warding","Anti-Magical","Physical")))) | S15: 1 | U15: A rock. You picked it up for reasons that made sense at the time. | Y15: https://drive.google.com/uc?export=download&id=1i2FgUyYLCZM8BGwJVtbr_G4ddVMsojMw
A16: IT15 | B16: item_template | C16: tile | D16: mining | E16: Rough Stone | F16: goods | G16: material | H16: stone | I16: 0 | J16: =IF(G16="","",IFERROR(IF(G16="infusing",IFERROR(LOOKUP(2,1/ISNUMBER(SEARCH(_lookup!$D$3:$D$4,H16)),_lookup!$E$3:$E$4),"INT"),VLOOKUP(G16,_lookup!$A$3:$B$14,2,FALSE)),"")) | K16: =IF(F16<>"weapon","",IF(G16="miscellaneous","1-4",IF(I16="","",IFERROR(VLOOKUP(I16&"|"&IF(LEFT(H16,2)="2H",2,1)&"|"&IF(G16="slashing",1,0),_lookup!$G$3:$H$18,2,FALSE),"")))) | L16: =IF(K16="","",IF(OR(G16="channeling",G16="infusing"),"Magical",IF(G16="blocking","Anti-Physical",IF(G16="warding","Anti-Magical","Physical")))) | O16: =IF(F16<>"armor","","TBD") | P16: =IF(O16="","",IF(OR(G16="channeling",G16="infusing"),"Magical",IF(G16="blocking","Anti-Physical",IF(G16="warding","Anti-Magical","Physical")))) | S16: 3 | T16: Used to craft tier 0 Weaponsmithing weapon stones. | U16: Coarse grey stone split straight from the quarry face. It takes an edge off as readily as it puts one on, so a careful paw works slowly. | X16: stone0 | Y16: https://drive.google.com/uc?export=download&id=1lW6Ehhvsy3-32O3sSrPRxfiDzNOp1Dq5
A17: IT16 | B17: item_template | C17: tile | D17: mining | E17: Coarse Stone | F17: goods | G17: material | H17: stone | I17: 1 | J17: =IF(G17="","",IFERROR(IF(G17="infusing",IFERROR(LOOKUP(2,1/ISNUMBER(SEARCH(_lookup!$D$3:$D$4,H17)),_lookup!$E$3:$E$4),"INT"),VLOOKUP(G17,_lookup!$A$3:$B$14,2,FALSE)),"")) | K17: =IF(F17<>"weapon","",IF(G17="miscellaneous","1-4",IF(I17="","",IFERROR(VLOOKUP(I17&"|"&IF(LEFT(H17,2)="2H",2,1)&"|"&IF(G17="slashing",1,0),_lookup!$G$3:$H$18,2,FALSE),"")))) | L17: =IF(K17="","",IF(OR(G17="channeling",G17="infusing"),"Magical",IF(G17="blocking","Anti-Physical",IF(G17="warding","Anti-Magical","Physical")))) | O17: =IF(F17<>"armor","","TBD") | P17: =IF(O17="","",IF(OR(G17="channeling",G17="infusing"),"Magical",IF(G17="blocking","Anti-Physical",IF(G17="warding","Anti-Magical","Physical")))) | S17: 9 | T17: Used to craft tier 1 Weaponsmithing weapon stones. | U17: Denser than it looks, and even in the grain. The smiths of the mill towns keep a block of it on every bench. | X17: stone1 | Y17: https://drive.google.com/uc?export=download&id=18sWc_nBl9Vmjl2_Nsmcy5QDc4kILOETK
A18: IT17 | B18: item_template | C18: tile | D18: mining | E18: Heavy Stone | F18: goods | G18: material | H18: stone | I18: 2 | J18: =IF(G18="","",IFERROR(IF(G18="infusing",IFERROR(LOOKUP(2,1/ISNUMBER(SEARCH(_lookup!$D$3:$D$4,H18)),_lookup!$E$3:$E$4),"INT"),VLOOKUP(G18,_lookup!$A$3:$B$14,2,FALSE)),"")) | K18: =IF(F18<>"weapon","",IF(G18="miscellaneous","1-4",IF(I18="","",IFERROR(VLOOKUP(I18&"|"&IF(LEFT(H18,2)="2H",2,1)&"|"&IF(G18="slashing",1,0),_lookup!$G$3:$H$18,2,FALSE),"")))) | L18: =IF(K18="","",IF(OR(G18="channeling",G18="infusing"),"Magical",IF(G18="blocking","Anti-Physical",IF(G18="warding","Anti-Magical","Physical")))) | O18: =IF(F18<>"armor","","TBD") | P18: =IF(O18="","",IF(OR(G18="channeling",G18="infusing"),"Magical",IF(G18="blocking","Anti-Physical",IF(G18="warding","Anti-Magical","Physical")))) | S18: 36 | T18: Used to craft tier 2 Weaponsmithing weapon stones. | U18: Dark and close-grained, heavy enough to sit still while you work. It will outlast several of the blades it sharpens. | X18: stone2 | Y18: https://drive.google.com/uc?export=download&id=16vqvGwB_FpMS9k7lDVnC8POZoi0l-zHQ
A19: IT18 | B19: item_template | C19: tile | D19: mining | E19: Desne Stone | F19: goods | G19: material | H19: stone | I19: 3 | J19: =IF(G19="","",IFERROR(IF(G19="infusing",IFERROR(LOOKUP(2,1/ISNUMBER(SEARCH(_lookup!$D$3:$D$4,H19)),_lookup!$E$3:$E$4),"INT"),VLOOKUP(G19,_lookup!$A$3:$B$14,2,FALSE)),"")) | K19: =IF(F19<>"weapon","",IF(G19="miscellaneous","1-4",IF(I19="","",IFERROR(VLOOKUP(I19&"|"&IF(LEFT(H19,2)="2H",2,1)&"|"&IF(G19="slashing",1,0),_lookup!$G$3:$H$18,2,FALSE),"")))) | L19: =IF(K19="","",IF(OR(G19="channeling",G19="infusing"),"Magical",IF(G19="blocking","Anti-Physical",IF(G19="warding","Anti-Magical","Physical")))) | O19: =IF(F19<>"armor","","TBD") | P19: =IF(O19="","",IF(OR(G19="channeling",G19="infusing"),"Magical",IF(G19="blocking","Anti-Physical",IF(G19="warding","Anti-Magical","Physical")))) | S19: 100 | T19: Used to craft tier 3 Weaponsmithing weapon stones. | U19: So fine it feels almost soft, and so dense it rings faintly when struck. A single block is handed down through a family of smiths. | X19: stone3 | Y19: https://drive.google.com/uc?export=download&id=12CazpWZAx-ecXZNdvz10G9TFVwmyy5Wc
A20: IT19 | B20: item_template | C20: tile | D20: mining | E20: Pickaxe | F20: weapon | G20: miscellaneous | H20: 1H | I20: 0 | J20: =IF(G20="","",IFERROR(IF(G20="infusing",IFERROR(LOOKUP(2,1/ISNUMBER(SEARCH(_lookup!$D$3:$D$4,H20)),_lookup!$E$3:$E$4),"INT"),VLOOKUP(G20,_lookup!$A$3:$B$14,2,FALSE)),"")) | K20: =IF(F20<>"weapon","",IF(G20="miscellaneous","1-4",IF(I20="","",IFERROR(VLOOKUP(I20&"|"&IF(LEFT(H20,2)="2H",2,1)&"|"&IF(G20="slashing",1,0),_lookup!$G$3:$H$18,2,FALSE),"")))) | L20: =IF(K20="","",IF(OR(G20="channeling",G20="infusing"),"Magical",IF(G20="blocking","Anti-Physical",IF(G20="warding","Anti-Magical","Physical")))) | O20: =IF(F20<>"armor","","TBD") | P20: =IF(O20="","",IF(OR(G20="channeling",G20="infusing"),"Magical",IF(G20="blocking","Anti-Physical",IF(G20="warding","Anti-Magical","Physical")))) | S20: 12 | T20: Doubles the loot of level 0 Mining. This does not stack. | U20: A hazel haft and a head beaten out of whatever iron was going spare. It chips more than it cuts, but it has opened a great many first seams. | X20: dmg:1-4|Physical|miscellaneous | Y20: https://drive.google.com/uc?export=download&id=1C75A1-Rr1kWdn_JGCnLf0vE6cxIA1Wgt
A21: IT20 | B21: item_template | C21: tile | D21: mining | E21: Sturdy Pickaxe | F21: weapon | G21: miscellaneous | H21: 1H | I21: 1 | J21: =IF(G21="","",IFERROR(IF(G21="infusing",IFERROR(LOOKUP(2,1/ISNUMBER(SEARCH(_lookup!$D$3:$D$4,H21)),_lookup!$E$3:$E$4),"INT"),VLOOKUP(G21,_lookup!$A$3:$B$14,2,FALSE)),"")) | K21: =IF(F21<>"weapon","",IF(G21="miscellaneous","1-4",IF(I21="","",IFERROR(VLOOKUP(I21&"|"&IF(LEFT(H21,2)="2H",2,1)&"|"&IF(G21="slashing",1,0),_lookup!$G$3:$H$18,2,FALSE),"")))) | L21: =IF(K21="","",IF(OR(G21="channeling",G21="infusing"),"Magical",IF(G21="blocking","Anti-Physical",IF(G21="warding","Anti-Magical","Physical")))) | O21: =IF(F21<>"armor","","TBD") | P21: =IF(O21="","",IF(OR(G21="channeling",G21="infusing"),"Magical",IF(G21="blocking","Anti-Physical",IF(G21="warding","Anti-Magical","Physical")))) | S21: 36 | T21: Doubles the loot of level 0 or 1 Mining. This does not stack. | U21: Properly hafted and properly balanced, with a head that stays on through a full day's swinging. The difference is felt by evening. | X21: dmg:1-4|Physical|miscellaneous | Y21: https://drive.google.com/uc?export=download&id=1W74uQeIeIk4mdCbKxrQK66Aa2BMzZWUY
A22: IT21 | B22: item_template | C22: tile | D22: mining | E22: Steel Pickaxe | F22: weapon | G22: miscellaneous | H22: 1H | I22: 2 | J22: =IF(G22="","",IFERROR(IF(G22="infusing",IFERROR(LOOKUP(2,1/ISNUMBER(SEARCH(_lookup!$D$3:$D$4,H22)),_lookup!$E$3:$E$4),"INT"),VLOOKUP(G22,_lookup!$A$3:$B$14,2,FALSE)),"")) | K22: =IF(F22<>"weapon","",IF(G22="miscellaneous","1-4",IF(I22="","",IFERROR(VLOOKUP(I22&"|"&IF(LEFT(H22,2)="2H",2,1)&"|"&IF(G22="slashing",1,0),_lookup!$G$3:$H$18,2,FALSE),"")))) | L22: =IF(K22="","",IF(OR(G22="channeling",G22="infusing"),"Magical",IF(G22="blocking","Anti-Physical",IF(G22="warding","Anti-Magical","Physical")))) | O22: =IF(F22<>"armor","","TBD") | P22: =IF(O22="","",IF(OR(G22="channeling",G22="infusing"),"Magical",IF(G22="blocking","Anti-Physical",IF(G22="warding","Anti-Magical","Physical")))) | S22: 144 | T22: Doubles the loot of level 0, 1, or 2 Mining. This does not stack. | U22: Forged head, steel-shod haft, and an edge that holds through the hard grey rock the cheaper tools simply bounce off. | X22: dmg:1-4|Physical|miscellaneous | Y22: https://drive.google.com/uc?export=download&id=156tkg64DYbARVYfwMzaHZCyCNHRd5vkX
A23: IT22 | B23: item_template | C23: tile | D23: mining | E23: Gold Bar | F23: goods | G23: material | H23: ore | I23: 0 | J23: =IF(G23="","",IFERROR(IF(G23="infusing",IFERROR(LOOKUP(2,1/ISNUMBER(SEARCH(_lookup!$D$3:$D$4,H23)),_lookup!$E$3:$E$4),"INT"),VLOOKUP(G23,_lookup!$A$3:$B$14,2,FALSE)),"")) | K23: =IF(F23<>"weapon","",IF(G23="miscellaneous","1-4",IF(I23="","",IFERROR(VLOOKUP(I23&"|"&IF(LEFT(H23,2)="2H",2,1)&"|"&IF(G23="slashing",1,0),_lookup!$G$3:$H$18,2,FALSE),"")))) | L23: =IF(K23="","",IF(OR(G23="channeling",G23="infusing"),"Magical",IF(G23="blocking","Anti-Physical",IF(G23="warding","Anti-Magical","Physical")))) | O23: =IF(F23<>"armor","","TBD") | P23: =IF(O23="","",IF(OR(G23="channeling",G23="infusing"),"Magical",IF(G23="blocking","Anti-Physical",IF(G23="warding","Anti-Magical","Physical")))) | S23: 3 | T23: Used to craft tier 0 Weaponsmithing weapons or Armorsmithing armors and shields. | U23: Prized more for its sheen rather than its strength, this metal is often hoarded by bandits and denizens alike. | X23: ore0 | Y23: https://drive.google.com/uc?export=download&id=1LcrFpOzopAuiZVZyq7-K2NfqTfrc3Dlm
A24: IT23 | B24: item_template | C24: tile | D24: fishing | E24: Ribbon Clam | F24: consumable | G24: lootbox | I24: 0 | J24: =IF(G24="","",IFERROR(IF(G24="infusing",IFERROR(LOOKUP(2,1/ISNUMBER(SEARCH(_lookup!$D$3:$D$4,H24)),_lookup!$E$3:$E$4),"INT"),VLOOKUP(G24,_lookup!$A$3:$B$14,2,FALSE)),"")) | K24: =IF(F24<>"weapon","",IF(G24="miscellaneous","1-4",IF(I24="","",IFERROR(VLOOKUP(I24&"|"&IF(LEFT(H24,2)="2H",2,1)&"|"&IF(G24="slashing",1,0),_lookup!$G$3:$H$18,2,FALSE),"")))) | L24: =IF(K24="","",IF(OR(G24="channeling",G24="infusing"),"Magical",IF(G24="blocking","Anti-Physical",IF(G24="warding","Anti-Magical","Physical")))) | O24: =IF(F24<>"armor","","TBD") | P24: =IF(O24="","",IF(OR(G24="channeling",G24="infusing"),"Magical",IF(G24="blocking","Anti-Physical",IF(G24="warding","Anti-Magical","Physical")))) | S24: 4 | T24: Flip over to open. | U24: A palm-sized clam, its shell banded like a ribbon. Riverfolk say a clam that closes hard on your paw is hiding something worth the pinch. | Y24: https://drive.google.com/uc?export=download&id=1jLljsRHWVFLSLmL2wVhVAiEnDxTCYmat
A25: IT24 | B25: item_template | C25: tile | D25: fishing | E25: Deepwater Clam | F25: consumable | G25: lootbox | I25: 1 | J25: =IF(G25="","",IFERROR(IF(G25="infusing",IFERROR(LOOKUP(2,1/ISNUMBER(SEARCH(_lookup!$D$3:$D$4,H25)),_lookup!$E$3:$E$4),"INT"),VLOOKUP(G25,_lookup!$A$3:$B$14,2,FALSE)),"")) | K25: =IF(F25<>"weapon","",IF(G25="miscellaneous","1-4",IF(I25="","",IFERROR(VLOOKUP(I25&"|"&IF(LEFT(H25,2)="2H",2,1)&"|"&IF(G25="slashing",1,0),_lookup!$G$3:$H$18,2,FALSE),"")))) | L25: =IF(K25="","",IF(OR(G25="channeling",G25="infusing"),"Magical",IF(G25="blocking","Anti-Physical",IF(G25="warding","Anti-Magical","Physical")))) | O25: =IF(F25<>"armor","","TBD") | P25: =IF(O25="","",IF(OR(G25="channeling",G25="infusing"),"Magical",IF(G25="blocking","Anti-Physical",IF(G25="warding","Anti-Magical","Physical")))) | S25: 14 | T25: Flip over to open. | U25: Hauled up from the cold water under the mill race. The shell is mottled purple and heavy, and the older the clam, the better what sleeps inside it. | Y25: https://drive.google.com/uc?export=download&id=1YYPIwvmQBpEtqisHN9smHdGF8RjjstP2
A26: IT25 | B26: item_template | C26: tile | D26: fishing | E26: Clam Meat | F26: consumable | G26: food | I26: 0 | J26: =IF(G26="","",IFERROR(IF(G26="infusing",IFERROR(LOOKUP(2,1/ISNUMBER(SEARCH(_lookup!$D$3:$D$4,H26)),_lookup!$E$3:$E$4),"INT"),VLOOKUP(G26,_lookup!$A$3:$B$14,2,FALSE)),"")) | K26: =IF(F26<>"weapon","",IF(G26="miscellaneous","1-4",IF(I26="","",IFERROR(VLOOKUP(I26&"|"&IF(LEFT(H26,2)="2H",2,1)&"|"&IF(G26="slashing",1,0),_lookup!$G$3:$H$18,2,FALSE),"")))) | L26: =IF(K26="","",IF(OR(G26="channeling",G26="infusing"),"Magical",IF(G26="blocking","Anti-Physical",IF(G26="warding","Anti-Magical","Physical")))) | O26: =IF(F26<>"armor","","TBD") | P26: =IF(O26="","",IF(OR(G26="channeling",G26="infusing"),"Magical",IF(G26="blocking","Anti-Physical",IF(G26="warding","Anti-Magical","Physical")))) | S26: 4 | T26: Eat in multiples of 3 to prevent Hunger. | U26: Often likened to the berry of the roads, this pale meat is cold and faintly sweet. | Y26: https://drive.google.com/uc?export=download&id=1l77jjhX0xbrrO5NH6orftp-1r8AOMVsH
A27: IT26 | B27: item_template | C27: tile | D27: fishing | E27: Silverfin | F27: goods | G27: material | H27: fish | I27: 0 | J27: =IF(G27="","",IFERROR(IF(G27="infusing",IFERROR(LOOKUP(2,1/ISNUMBER(SEARCH(_lookup!$D$3:$D$4,H27)),_lookup!$E$3:$E$4),"INT"),VLOOKUP(G27,_lookup!$A$3:$B$14,2,FALSE)),"")) | K27: =IF(F27<>"weapon","",IF(G27="miscellaneous","1-4",IF(I27="","",IFERROR(VLOOKUP(I27&"|"&IF(LEFT(H27,2)="2H",2,1)&"|"&IF(G27="slashing",1,0),_lookup!$G$3:$H$18,2,FALSE),"")))) | L27: =IF(K27="","",IF(OR(G27="channeling",G27="infusing"),"Magical",IF(G27="blocking","Anti-Physical",IF(G27="warding","Anti-Magical","Physical")))) | O27: =IF(F27<>"armor","","TBD") | P27: =IF(O27="","",IF(OR(G27="channeling",G27="infusing"),"Magical",IF(G27="blocking","Anti-Physical",IF(G27="warding","Anti-Magical","Physical")))) | S27: 3 | T27: Used to craft tier 0 Survival foods. | U27: The common fish of every slow stretch of water in the Woodland. Bony, plentiful, and the first thing any young angler ever lands. | X27: fish0 | Y27: https://drive.google.com/uc?export=download&id=13rpwHAHwWb6g6guEtgOTpKaHzCZJ5htX
A28: IT27 | B28: item_template | C28: tile | D28: fishing | E28: Rushpike | F28: goods | G28: material | H28: fish | I28: 1 | J28: =IF(G28="","",IFERROR(IF(G28="infusing",IFERROR(LOOKUP(2,1/ISNUMBER(SEARCH(_lookup!$D$3:$D$4,H28)),_lookup!$E$3:$E$4),"INT"),VLOOKUP(G28,_lookup!$A$3:$B$14,2,FALSE)),"")) | K28: =IF(F28<>"weapon","",IF(G28="miscellaneous","1-4",IF(I28="","",IFERROR(VLOOKUP(I28&"|"&IF(LEFT(H28,2)="2H",2,1)&"|"&IF(G28="slashing",1,0),_lookup!$G$3:$H$18,2,FALSE),"")))) | L28: =IF(K28="","",IF(OR(G28="channeling",G28="infusing"),"Magical",IF(G28="blocking","Anti-Physical",IF(G28="warding","Anti-Magical","Physical")))) | O28: =IF(F28<>"armor","","TBD") | P28: =IF(O28="","",IF(OR(G28="channeling",G28="infusing"),"Magical",IF(G28="blocking","Anti-Physical",IF(G28="warding","Anti-Magical","Physical")))) | S28: 9 | T28: Used to craft tier 1 Survival foods. | U28: A lean hunter of the reed beds, all jaw and bad temper. It takes a bait meant for something smaller and fights the whole way in. | X28: fish1 | Y28: https://drive.google.com/uc?export=download&id=1Cyjh7d39M6ecUK7-kwXtU7OsnfVi4nU1
A29: IT28 | B29: item_template | C29: tile | D29: fishing | E29: Greenback Trout | F29: goods | G29: material | H29: fish | I29: 2 | J29: =IF(G29="","",IFERROR(IF(G29="infusing",IFERROR(LOOKUP(2,1/ISNUMBER(SEARCH(_lookup!$D$3:$D$4,H29)),_lookup!$E$3:$E$4),"INT"),VLOOKUP(G29,_lookup!$A$3:$B$14,2,FALSE)),"")) | K29: =IF(F29<>"weapon","",IF(G29="miscellaneous","1-4",IF(I29="","",IFERROR(VLOOKUP(I29&"|"&IF(LEFT(H29,2)="2H",2,1)&"|"&IF(G29="slashing",1,0),_lookup!$G$3:$H$18,2,FALSE),"")))) | L29: =IF(K29="","",IF(OR(G29="channeling",G29="infusing"),"Magical",IF(G29="blocking","Anti-Physical",IF(G29="warding","Anti-Magical","Physical")))) | O29: =IF(F29<>"armor","","TBD") | P29: =IF(O29="","",IF(OR(G29="channeling",G29="infusing"),"Magical",IF(G29="blocking","Anti-Physical",IF(G29="warding","Anti-Magical","Physical")))) | S29: 36 | T29: Used to craft tier 2 Survival foods. | U29: Thick through the shoulder and green as wet moss. Found only where the water runs cold and fast, which is rarely where it is safe to stand. | X29: fish2 | Y29: https://drive.google.com/uc?export=download&id=1HTbXRjtegmWyeBCzsCMgxAzevJFXSYrm
A30: IT29 | B30: item_template | C30: tile | D30: fishing | E30: Gloomfish | F30: goods | G30: material | H30: fish | I30: 3 | J30: =IF(G30="","",IFERROR(IF(G30="infusing",IFERROR(LOOKUP(2,1/ISNUMBER(SEARCH(_lookup!$D$3:$D$4,H30)),_lookup!$E$3:$E$4),"INT"),VLOOKUP(G30,_lookup!$A$3:$B$14,2,FALSE)),"")) | K30: =IF(F30<>"weapon","",IF(G30="miscellaneous","1-4",IF(I30="","",IFERROR(VLOOKUP(I30&"|"&IF(LEFT(H30,2)="2H",2,1)&"|"&IF(G30="slashing",1,0),_lookup!$G$3:$H$18,2,FALSE),"")))) | L30: =IF(K30="","",IF(OR(G30="channeling",G30="infusing"),"Magical",IF(G30="blocking","Anti-Physical",IF(G30="warding","Anti-Magical","Physical")))) | O30: =IF(F30<>"armor","","TBD") | P30: =IF(O30="","",IF(OR(G30="channeling",G30="infusing"),"Magical",IF(G30="blocking","Anti-Physical",IF(G30="warding","Anti-Magical","Physical")))) | S30: 100 | T30: Used to craft tier 3 Survival foods. | U30: Caught after dusk in the deep pools, its scales holding the last of the light. This large fish is prized for its taste and size. | X30: fish3 | Y30: https://drive.google.com/uc?export=download&id=13fdWAoJQ-wk9qJoyiZ_EpHCiyakU4mIR
A31: IT30 | B31: item_template | C31: tile | D31: fishing | E31: Waterlogged Letter | F31: consumable | G31: lootbox | I31: 0 | J31: =IF(G31="","",IFERROR(IF(G31="infusing",IFERROR(LOOKUP(2,1/ISNUMBER(SEARCH(_lookup!$D$3:$D$4,H31)),_lookup!$E$3:$E$4),"INT"),VLOOKUP(G31,_lookup!$A$3:$B$14,2,FALSE)),"")) | K31: =IF(F31<>"weapon","",IF(G31="miscellaneous","1-4",IF(I31="","",IFERROR(VLOOKUP(I31&"|"&IF(LEFT(H31,2)="2H",2,1)&"|"&IF(G31="slashing",1,0),_lookup!$G$3:$H$18,2,FALSE),"")))) | L31: =IF(K31="","",IF(OR(G31="channeling",G31="infusing"),"Magical",IF(G31="blocking","Anti-Physical",IF(G31="warding","Anti-Magical","Physical")))) | O31: =IF(F31<>"armor","","TBD") | P31: =IF(O31="","",IF(OR(G31="channeling",G31="infusing"),"Magical",IF(G31="blocking","Anti-Physical",IF(G31="warding","Anti-Magical","Physical")))) | S31: 4 | T31: Flip over to open. | U31: Something lost to the river a long time ago, and finally given back. The paper comes apart in your paws. | Y31: https://drive.google.com/uc?export=download&id=1AFKkiJLx9IblKxO303EobkK1tdACk4GY
A32: IT31 | B32: item_template | C32: tile | D32: fishing | E32: Sunken Satchel | F32: consumable | G32: lootbox | I32: 1 | J32: =IF(G32="","",IFERROR(IF(G32="infusing",IFERROR(LOOKUP(2,1/ISNUMBER(SEARCH(_lookup!$D$3:$D$4,H32)),_lookup!$E$3:$E$4),"INT"),VLOOKUP(G32,_lookup!$A$3:$B$14,2,FALSE)),"")) | K32: =IF(F32<>"weapon","",IF(G32="miscellaneous","1-4",IF(I32="","",IFERROR(VLOOKUP(I32&"|"&IF(LEFT(H32,2)="2H",2,1)&"|"&IF(G32="slashing",1,0),_lookup!$G$3:$H$18,2,FALSE),"")))) | L32: =IF(K32="","",IF(OR(G32="channeling",G32="infusing"),"Magical",IF(G32="blocking","Anti-Physical",IF(G32="warding","Anti-Magical","Physical")))) | O32: =IF(F32<>"armor","","TBD") | P32: =IF(O32="","",IF(OR(G32="channeling",G32="infusing"),"Magical",IF(G32="blocking","Anti-Physical",IF(G32="warding","Anti-Magical","Physical")))) | S32: 14 | T32: Flip over to open. | U32: Still buckled, still holding. Whoever packed it meant to come back for it. | Y32: https://drive.google.com/uc?export=download&id=1F3cAA2jPU-gkfyvTYxlBq3tJBfBgQz5b
A33: IT32 | B33: item_template | C33: tile | D33: fishing | E33: Banded Crate | F33: consumable | G33: lootbox | I33: 2 | J33: =IF(G33="","",IFERROR(IF(G33="infusing",IFERROR(LOOKUP(2,1/ISNUMBER(SEARCH(_lookup!$D$3:$D$4,H33)),_lookup!$E$3:$E$4),"INT"),VLOOKUP(G33,_lookup!$A$3:$B$14,2,FALSE)),"")) | K33: =IF(F33<>"weapon","",IF(G33="miscellaneous","1-4",IF(I33="","",IFERROR(VLOOKUP(I33&"|"&IF(LEFT(H33,2)="2H",2,1)&"|"&IF(G33="slashing",1,0),_lookup!$G$3:$H$18,2,FALSE),"")))) | L33: =IF(K33="","",IF(OR(G33="channeling",G33="infusing"),"Magical",IF(G33="blocking","Anti-Physical",IF(G33="warding","Anti-Magical","Physical")))) | O33: =IF(F33<>"armor","","TBD") | P33: =IF(O33="","",IF(OR(G33="channeling",G33="infusing"),"Magical",IF(G33="blocking","Anti-Physical",IF(G33="warding","Anti-Magical","Physical")))) | S33: 41 | T33: Flip over to open. | U33: Iron bands over dark wood, the lock long since rusted through. Marquisate work, by the stamp on the hasp. | Y33: https://drive.google.com/uc?export=download&id=1Lx27boIuKuMOt6zFcd0GOoBiRBuvZKg3
A34: IT33 | B34: item_template | C34: tile | D34: fishing | E34: Riverbed Chest | F34: consumable | G34: lootbox | I34: 3 | J34: =IF(G34="","",IFERROR(IF(G34="infusing",IFERROR(LOOKUP(2,1/ISNUMBER(SEARCH(_lookup!$D$3:$D$4,H34)),_lookup!$E$3:$E$4),"INT"),VLOOKUP(G34,_lookup!$A$3:$B$14,2,FALSE)),"")) | K34: =IF(F34<>"weapon","",IF(G34="miscellaneous","1-4",IF(I34="","",IFERROR(VLOOKUP(I34&"|"&IF(LEFT(H34,2)="2H",2,1)&"|"&IF(G34="slashing",1,0),_lookup!$G$3:$H$18,2,FALSE),"")))) | L34: =IF(K34="","",IF(OR(G34="channeling",G34="infusing"),"Magical",IF(G34="blocking","Anti-Physical",IF(G34="warding","Anti-Magical","Physical")))) | O34: =IF(F34<>"armor","","TBD") | P34: =IF(O34="","",IF(OR(G34="channeling",G34="infusing"),"Magical",IF(G34="blocking","Anti-Physical",IF(G34="warding","Anti-Magical","Physical")))) | S34: 79 | T34: Flip over to open. | U34: Heavy, and sealed well enough that the water never got in. Something was worth hiding at the bottom of a river. | Y34: https://drive.google.com/uc?export=download&id=1oLVZXSecu_g4a3gjEdhBEEmwNBn0MeVx
A35: IT34 | B35: item_template | C35: tile | D35: fishing | E35: Wax-Sealed Backpack | F35: goods | G35: miscellaneous | J35: =IF(G35="","",IFERROR(IF(G35="infusing",IFERROR(LOOKUP(2,1/ISNUMBER(SEARCH(_lookup!$D$3:$D$4,H35)),_lookup!$E$3:$E$4),"INT"),VLOOKUP(G35,_lookup!$A$3:$B$14,2,FALSE)),"")) | K35: =IF(F35<>"weapon","",IF(G35="miscellaneous","1-4",IF(I35="","",IFERROR(VLOOKUP(I35&"|"&IF(LEFT(H35,2)="2H",2,1)&"|"&IF(G35="slashing",1,0),_lookup!$G$3:$H$18,2,FALSE),"")))) | L35: =IF(K35="","",IF(OR(G35="channeling",G35="infusing"),"Magical",IF(G35="blocking","Anti-Physical",IF(G35="warding","Anti-Magical","Physical")))) | O35: =IF(F35<>"armor","","TBD") | P35: =IF(O35="","",IF(OR(G35="channeling",G35="infusing"),"Magical",IF(G35="blocking","Anti-Physical",IF(G35="warding","Anti-Magical","Physical")))) | T35: Expands inventory by 6. | U35: Dry and good-as-new, this pack seems to have been mistakenly lost to water along some Riverfolk trade route. | Y35: https://drive.google.com/uc?export=download&id=1O3TmbtOtYNRd66h1NsbUH-LMfTUP0okT
A36: IT35 | B36: item_template | C36: tile | D36: fishing | E36: Crab Trap | F36: consumable | G36: lootbox | I36: 0 | J36: =IF(G36="","",IFERROR(IF(G36="infusing",IFERROR(LOOKUP(2,1/ISNUMBER(SEARCH(_lookup!$D$3:$D$4,H36)),_lookup!$E$3:$E$4),"INT"),VLOOKUP(G36,_lookup!$A$3:$B$14,2,FALSE)),"")) | K36: =IF(F36<>"weapon","",IF(G36="miscellaneous","1-4",IF(I36="","",IFERROR(VLOOKUP(I36&"|"&IF(LEFT(H36,2)="2H",2,1)&"|"&IF(G36="slashing",1,0),_lookup!$G$3:$H$18,2,FALSE),"")))) | L36: =IF(K36="","",IF(OR(G36="channeling",G36="infusing"),"Magical",IF(G36="blocking","Anti-Physical",IF(G36="warding","Anti-Magical","Physical")))) | O36: =IF(F36<>"armor","","TBD") | P36: =IF(O36="","",IF(OR(G36="channeling",G36="infusing"),"Magical",IF(G36="blocking","Anti-Physical",IF(G36="warding","Anti-Magical","Physical")))) | S36: 4 | T36: Flip over to open. | U36: A slatted basket weighted with stones and baited with whatever was going spare. Left overnight in the shallows, it is never quite empty by morning. | Y36: https://drive.google.com/uc?export=download&id=15oYc5zZbsdafWF3cZKVy5vq8mUw1kwAO
A37: IT36 | B37: item_template | C37: tile | D37: fishing | E37: Mysterious Key | F37: goods | G37: quest | J37: =IF(G37="","",IFERROR(IF(G37="infusing",IFERROR(LOOKUP(2,1/ISNUMBER(SEARCH(_lookup!$D$3:$D$4,H37)),_lookup!$E$3:$E$4),"INT"),VLOOKUP(G37,_lookup!$A$3:$B$14,2,FALSE)),"")) | K37: =IF(F37<>"weapon","",IF(G37="miscellaneous","1-4",IF(I37="","",IFERROR(VLOOKUP(I37&"|"&IF(LEFT(H37,2)="2H",2,1)&"|"&IF(G37="slashing",1,0),_lookup!$G$3:$H$18,2,FALSE),"")))) | L37: =IF(K37="","",IF(OR(G37="channeling",G37="infusing"),"Magical",IF(G37="blocking","Anti-Physical",IF(G37="warding","Anti-Magical","Physical")))) | O37: =IF(F37<>"armor","","TBD") | P37: =IF(O37="","",IF(OR(G37="channeling",G37="infusing"),"Magical",IF(G37="blocking","Anti-Physical",IF(G37="warding","Anti-Magical","Physical")))) | T37: Starts the "Mysterious Key" Quest. | U37: Small, cold, and far better made than anything that ought to turn up in a river. The bow is worked into a shape you do not recognise, and the wards fit no lock you have ever seen. | Y37: https://drive.google.com/uc?export=download&id=1B6pMRRQiEzoBH8KaPW0leoi8yldUVdpT
A38: IT37 | B38: item_template | C38: tile | D38: fishing | E38: Lustrous Pearl | F38: goods | G38: material | H38: gem | I38: 0 | J38: =IF(G38="","",IFERROR(IF(G38="infusing",IFERROR(LOOKUP(2,1/ISNUMBER(SEARCH(_lookup!$D$3:$D$4,H38)),_lookup!$E$3:$E$4),"INT"),VLOOKUP(G38,_lookup!$A$3:$B$14,2,FALSE)),"")) | K38: =IF(F38<>"weapon","",IF(G38="miscellaneous","1-4",IF(I38="","",IFERROR(VLOOKUP(I38&"|"&IF(LEFT(H38,2)="2H",2,1)&"|"&IF(G38="slashing",1,0),_lookup!$G$3:$H$18,2,FALSE),"")))) | L38: =IF(K38="","",IF(OR(G38="channeling",G38="infusing"),"Magical",IF(G38="blocking","Anti-Physical",IF(G38="warding","Anti-Magical","Physical")))) | O38: =IF(F38<>"armor","","TBD") | P38: =IF(O38="","",IF(OR(G38="channeling",G38="infusing"),"Magical",IF(G38="blocking","Anti-Physical",IF(G38="warding","Anti-Magical","Physical")))) | S38: 3 | T38: Used to craft tier 0 Jewelcrafting trinkets. | U38: A small, honest pearl with a clean white shine. Common enough along the river, and still the first thing a young clam-diver shows their family. | X38: gem0 | Y38: https://drive.google.com/uc?export=download&id=1QmxvfYCTwjWCpgVgBgrZq5i7IjzVrYDu
A39: IT38 | B39: item_template | C39: tile | D39: fishing | E39: Iridescent Pearl | F39: goods | G39: material | H39: gem | I39: 1 | J39: =IF(G39="","",IFERROR(IF(G39="infusing",IFERROR(LOOKUP(2,1/ISNUMBER(SEARCH(_lookup!$D$3:$D$4,H39)),_lookup!$E$3:$E$4),"INT"),VLOOKUP(G39,_lookup!$A$3:$B$14,2,FALSE)),"")) | K39: =IF(F39<>"weapon","",IF(G39="miscellaneous","1-4",IF(I39="","",IFERROR(VLOOKUP(I39&"|"&IF(LEFT(H39,2)="2H",2,1)&"|"&IF(G39="slashing",1,0),_lookup!$G$3:$H$18,2,FALSE),"")))) | L39: =IF(K39="","",IF(OR(G39="channeling",G39="infusing"),"Magical",IF(G39="blocking","Anti-Physical",IF(G39="warding","Anti-Magical","Physical")))) | O39: =IF(F39<>"armor","","TBD") | P39: =IF(O39="","",IF(OR(G39="channeling",G39="infusing"),"Magical",IF(G39="blocking","Anti-Physical",IF(G39="warding","Anti-Magical","Physical")))) | S39: 11 | T39: Used to craft tier 1 Jewelcrafting trinkets. | U39: It holds a faint rainbow at the edge of the light, as though it has not quite decided on a colour. Jewellers pay well and argue about why. | X39: gem1 | Y39: https://drive.google.com/uc?export=download&id=1jOc6uiqfr3_6za1mvr7nPbBtR0UqnaSg
A40: IT39 | B40: item_template | C40: tile | D40: fishing | E40: Golden Pearl | F40: goods | G40: material | H40: gem | I40: 2 | J40: =IF(G40="","",IFERROR(IF(G40="infusing",IFERROR(LOOKUP(2,1/ISNUMBER(SEARCH(_lookup!$D$3:$D$4,H40)),_lookup!$E$3:$E$4),"INT"),VLOOKUP(G40,_lookup!$A$3:$B$14,2,FALSE)),"")) | K40: =IF(F40<>"weapon","",IF(G40="miscellaneous","1-4",IF(I40="","",IFERROR(VLOOKUP(I40&"|"&IF(LEFT(H40,2)="2H",2,1)&"|"&IF(G40="slashing",1,0),_lookup!$G$3:$H$18,2,FALSE),"")))) | L40: =IF(K40="","",IF(OR(G40="channeling",G40="infusing"),"Magical",IF(G40="blocking","Anti-Physical",IF(G40="warding","Anti-Magical","Physical")))) | O40: =IF(F40<>"armor","","TBD") | P40: =IF(O40="","",IF(OR(G40="channeling",G40="infusing"),"Magical",IF(G40="blocking","Anti-Physical",IF(G40="warding","Anti-Magical","Physical")))) | S40: 45 | T40: Used to craft tier 2 Jewelcrafting trinkets. | U40: Warm as lamplight and twice as rare. The Eyrie court is said to prize these above gemstones, which has done nothing good for the clam beds. | X40: gem2 | Y40: https://drive.google.com/uc?export=download&id=1QBmNqi2YFALNftHUymcf2jPH9h8Wrs6Z
A41: IT40 | B41: item_template | C41: tile | D41: fishing | E41: Black Pearl | F41: goods | G41: material | H41: gem | I41: 3 | J41: =IF(G41="","",IFERROR(IF(G41="infusing",IFERROR(LOOKUP(2,1/ISNUMBER(SEARCH(_lookup!$D$3:$D$4,H41)),_lookup!$E$3:$E$4),"INT"),VLOOKUP(G41,_lookup!$A$3:$B$14,2,FALSE)),"")) | K41: =IF(F41<>"weapon","",IF(G41="miscellaneous","1-4",IF(I41="","",IFERROR(VLOOKUP(I41&"|"&IF(LEFT(H41,2)="2H",2,1)&"|"&IF(G41="slashing",1,0),_lookup!$G$3:$H$18,2,FALSE),"")))) | L41: =IF(K41="","",IF(OR(G41="channeling",G41="infusing"),"Magical",IF(G41="blocking","Anti-Physical",IF(G41="warding","Anti-Magical","Physical")))) | O41: =IF(F41<>"armor","","TBD") | P41: =IF(O41="","",IF(OR(G41="channeling",G41="infusing"),"Magical",IF(G41="blocking","Anti-Physical",IF(G41="warding","Anti-Magical","Physical")))) | S41: 125 | T41: Used to craft tier 3 Jewelcrafting trinkets. | U41: Dark as a deep pool, with a slow shimmer under the surface. Perhaps one clam in a thousand ever makes one, and most of those are never found. | X41: gem3 | Y41: https://drive.google.com/uc?export=download&id=1oTj0LbSqUxRfArCo5CU1ATkUx4Kk52qN
A42: IT41 | B42: item_template | C42: tile | D42: fishing | E42: Spiral Snail | F42: goods | G42: quest | I42: 0 | J42: =IF(G42="","",IFERROR(IF(G42="infusing",IFERROR(LOOKUP(2,1/ISNUMBER(SEARCH(_lookup!$D$3:$D$4,H42)),_lookup!$E$3:$E$4),"INT"),VLOOKUP(G42,_lookup!$A$3:$B$14,2,FALSE)),"")) | K42: =IF(F42<>"weapon","",IF(G42="miscellaneous","1-4",IF(I42="","",IFERROR(VLOOKUP(I42&"|"&IF(LEFT(H42,2)="2H",2,1)&"|"&IF(G42="slashing",1,0),_lookup!$G$3:$H$18,2,FALSE),"")))) | L42: =IF(K42="","",IF(OR(G42="channeling",G42="infusing"),"Magical",IF(G42="blocking","Anti-Physical",IF(G42="warding","Anti-Magical","Physical")))) | O42: =IF(F42<>"armor","","TBD") | P42: =IF(O42="","",IF(OR(G42="channeling",G42="infusing"),"Magical",IF(G42="blocking","Anti-Physical",IF(G42="warding","Anti-Magical","Physical")))) | S42: 5 | T42: Related to the "Pets Store" Quest. | U42: A placid, patterned little thing that rides happily on a pack strap and asks for nothing but the occasional leaf. | Y42: https://drive.google.com/uc?export=download&id=1_g1N34Qh6d7WzLtFqa74TIKvS2IycbAc
A43: IT42 | B43: item_template | C43: tile | D43: fishing | E43: Pink Prawn | F43: goods | G43: quest | I43: 1 | J43: =IF(G43="","",IFERROR(IF(G43="infusing",IFERROR(LOOKUP(2,1/ISNUMBER(SEARCH(_lookup!$D$3:$D$4,H43)),_lookup!$E$3:$E$4),"INT"),VLOOKUP(G43,_lookup!$A$3:$B$14,2,FALSE)),"")) | K43: =IF(F43<>"weapon","",IF(G43="miscellaneous","1-4",IF(I43="","",IFERROR(VLOOKUP(I43&"|"&IF(LEFT(H43,2)="2H",2,1)&"|"&IF(G43="slashing",1,0),_lookup!$G$3:$H$18,2,FALSE),"")))) | L43: =IF(K43="","",IF(OR(G43="channeling",G43="infusing"),"Magical",IF(G43="blocking","Anti-Physical",IF(G43="warding","Anti-Magical","Physical")))) | O43: =IF(F43<>"armor","","TBD") | P43: =IF(O43="","",IF(OR(G43="channeling",G43="infusing"),"Magical",IF(G43="blocking","Anti-Physical",IF(G43="warding","Anti-Magical","Physical")))) | S43: 15 | T43: Related to the "Pets Store" Quest. | U43: Translucent, twitchy, and entirely convinced it is in danger. It is not, but there is no telling it so. | Y43: https://drive.google.com/uc?export=download&id=1jKEJkp5bO3bsYmSmPKJ2OzgeU6qotyuM
A44: IT43 | B44: item_template | C44: tile | D44: fishing | E44: Red Lobster | F44: goods | G44: quest | I44: 2 | J44: =IF(G44="","",IFERROR(IF(G44="infusing",IFERROR(LOOKUP(2,1/ISNUMBER(SEARCH(_lookup!$D$3:$D$4,H44)),_lookup!$E$3:$E$4),"INT"),VLOOKUP(G44,_lookup!$A$3:$B$14,2,FALSE)),"")) | K44: =IF(F44<>"weapon","",IF(G44="miscellaneous","1-4",IF(I44="","",IFERROR(VLOOKUP(I44&"|"&IF(LEFT(H44,2)="2H",2,1)&"|"&IF(G44="slashing",1,0),_lookup!$G$3:$H$18,2,FALSE),"")))) | L44: =IF(K44="","",IF(OR(G44="channeling",G44="infusing"),"Magical",IF(G44="blocking","Anti-Physical",IF(G44="warding","Anti-Magical","Physical")))) | O44: =IF(F44<>"armor","","TBD") | P44: =IF(O44="","",IF(OR(G44="channeling",G44="infusing"),"Magical",IF(G44="blocking","Anti-Physical",IF(G44="warding","Anti-Magical","Physical")))) | S44: 60 | T44: Related to the "Pets Store" Quest. | U44: Bold, bright and quick to raise its claws at anything larger than itself, which is everything. | Y44: https://drive.google.com/uc?export=download&id=1soOX4LPKvxsaxjMP2nEqjore-KQHnOXj
A45: IT44 | B45: item_template | C45: tile | D45: fishing | E45: River Crab | F45: goods | G45: quest | I45: 3 | J45: =IF(G45="","",IFERROR(IF(G45="infusing",IFERROR(LOOKUP(2,1/ISNUMBER(SEARCH(_lookup!$D$3:$D$4,H45)),_lookup!$E$3:$E$4),"INT"),VLOOKUP(G45,_lookup!$A$3:$B$14,2,FALSE)),"")) | K45: =IF(F45<>"weapon","",IF(G45="miscellaneous","1-4",IF(I45="","",IFERROR(VLOOKUP(I45&"|"&IF(LEFT(H45,2)="2H",2,1)&"|"&IF(G45="slashing",1,0),_lookup!$G$3:$H$18,2,FALSE),"")))) | L45: =IF(K45="","",IF(OR(G45="channeling",G45="infusing"),"Magical",IF(G45="blocking","Anti-Physical",IF(G45="warding","Anti-Magical","Physical")))) | O45: =IF(F45<>"armor","","TBD") | P45: =IF(O45="","",IF(OR(G45="channeling",G45="infusing"),"Magical",IF(G45="blocking","Anti-Physical",IF(G45="warding","Anti-Magical","Physical")))) | S45: 150 | T45: Related to the "Pets Store" Quest. | U45: Broad-backed and unhurried, with one claw noticeably larger than the other. It regards you with the calm of something that has outlived every danger the river has offered so far. | Y45: https://drive.google.com/uc?export=download&id=1vzgCnT0R4cmZp98ixVBwaBfzOCyTN43_
A46: IT45 | B46: item_template | C46: tile | D46: fishing | E46: Fishing Pole | F46: weapon | G46: miscellaneous | H46: 1H | I46: 0 | J46: =IF(G46="","",IFERROR(IF(G46="infusing",IFERROR(LOOKUP(2,1/ISNUMBER(SEARCH(_lookup!$D$3:$D$4,H46)),_lookup!$E$3:$E$4),"INT"),VLOOKUP(G46,_lookup!$A$3:$B$14,2,FALSE)),"")) | K46: =IF(F46<>"weapon","",IF(G46="miscellaneous","1-4",IF(I46="","",IFERROR(VLOOKUP(I46&"|"&IF(LEFT(H46,2)="2H",2,1)&"|"&IF(G46="slashing",1,0),_lookup!$G$3:$H$18,2,FALSE),"")))) | L46: =IF(K46="","",IF(OR(G46="channeling",G46="infusing"),"Magical",IF(G46="blocking","Anti-Physical",IF(G46="warding","Anti-Magical","Physical")))) | O46: =IF(F46<>"armor","","TBD") | P46: =IF(O46="","",IF(OR(G46="channeling",G46="infusing"),"Magical",IF(G46="blocking","Anti-Physical",IF(G46="warding","Anti-Magical","Physical")))) | S46: 12 | T46: Doubles the loot of level 0 Fishing. This does not stack. | U46: A cut hazel rod, a length of line, and a hook bent from a nail. It has landed more suppers than anything else in the Woodland. | X46: dmg:1-4|Physical|miscellaneous | Y46: https://drive.google.com/uc?export=download&id=1VVWkNSXpkZ2TyT-hiFsE6MAFZs1TJ6e6
A47: IT46 | B47: item_template | C47: tile | D47: fishing | E47: Sturdy Fishing Pole | F47: weapon | G47: miscellaneous | H47: 1H | I47: 1 | J47: =IF(G47="","",IFERROR(IF(G47="infusing",IFERROR(LOOKUP(2,1/ISNUMBER(SEARCH(_lookup!$D$3:$D$4,H47)),_lookup!$E$3:$E$4),"INT"),VLOOKUP(G47,_lookup!$A$3:$B$14,2,FALSE)),"")) | K47: =IF(F47<>"weapon","",IF(G47="miscellaneous","1-4",IF(I47="","",IFERROR(VLOOKUP(I47&"|"&IF(LEFT(H47,2)="2H",2,1)&"|"&IF(G47="slashing",1,0),_lookup!$G$3:$H$18,2,FALSE),"")))) | L47: =IF(K47="","",IF(OR(G47="channeling",G47="infusing"),"Magical",IF(G47="blocking","Anti-Physical",IF(G47="warding","Anti-Magical","Physical")))) | O47: =IF(F47<>"armor","","TBD") | P47: =IF(O47="","",IF(OR(G47="channeling",G47="infusing"),"Magical",IF(G47="blocking","Anti-Physical",IF(G47="warding","Anti-Magical","Physical")))) | S47: 36 | T47: Doubles the loot of level 0 or 1 Fishing. This does not stack. | U47: Seasoned wood, whipped at the joints, with a hook that will not straighten on the first good fight. | X47: dmg:1-4|Physical|miscellaneous | Y47: https://drive.google.com/uc?export=download&id=1PkfzNgMsZmAZ5SbuMpGuuogBxgcLKqzZ
A48: IT47 | B48: item_template | C48: tile | D48: fishing | E48: Steel Fishing Pole | F48: weapon | G48: miscellaneous | H48: 1H | I48: 2 | J48: =IF(G48="","",IFERROR(IF(G48="infusing",IFERROR(LOOKUP(2,1/ISNUMBER(SEARCH(_lookup!$D$3:$D$4,H48)),_lookup!$E$3:$E$4),"INT"),VLOOKUP(G48,_lookup!$A$3:$B$14,2,FALSE)),"")) | K48: =IF(F48<>"weapon","",IF(G48="miscellaneous","1-4",IF(I48="","",IFERROR(VLOOKUP(I48&"|"&IF(LEFT(H48,2)="2H",2,1)&"|"&IF(G48="slashing",1,0),_lookup!$G$3:$H$18,2,FALSE),"")))) | L48: =IF(K48="","",IF(OR(G48="channeling",G48="infusing"),"Magical",IF(G48="blocking","Anti-Physical",IF(G48="warding","Anti-Magical","Physical")))) | O48: =IF(F48<>"armor","","TBD") | P48: =IF(O48="","",IF(OR(G48="channeling",G48="infusing"),"Magical",IF(G48="blocking","Anti-Physical",IF(G48="warding","Anti-Magical","Physical")))) | S48: 144 | T48: Doubles the loot of level 0, 1, or 2 Fishing. This does not stack. | U48: Weighted at the butt and strung with wire-core line. Built for the cold pools where the fish grow heavy and the bank gives way. | X48: dmg:1-4|Physical|miscellaneous | Y48: https://drive.google.com/uc?export=download&id=1xunoa0a4-JKm-puxZOzd___TpsyX17Q8
A49: IT48 | B49: item_template | C49: tile | D49: fishing | E49: Bejeweled Fishing Pole | F49: weapon | G49: miscellaneous | H49: 1H | I49: 2 | J49: =IF(G49="","",IFERROR(IF(G49="infusing",IFERROR(LOOKUP(2,1/ISNUMBER(SEARCH(_lookup!$D$3:$D$4,H49)),_lookup!$E$3:$E$4),"INT"),VLOOKUP(G49,_lookup!$A$3:$B$14,2,FALSE)),"")) | K49: =IF(F49<>"weapon","",IF(G49="miscellaneous","1-4",IF(I49="","",IFERROR(VLOOKUP(I49&"|"&IF(LEFT(H49,2)="2H",2,1)&"|"&IF(G49="slashing",1,0),_lookup!$G$3:$H$18,2,FALSE),"")))) | L49: =IF(K49="","",IF(OR(G49="channeling",G49="infusing"),"Magical",IF(G49="blocking","Anti-Physical",IF(G49="warding","Anti-Magical","Physical")))) | O49: =IF(F49<>"armor","","TBD") | P49: =IF(O49="","",IF(OR(G49="channeling",G49="infusing"),"Magical",IF(G49="blocking","Anti-Physical",IF(G49="warding","Anti-Magical","Physical")))) | S49: 144 | T49: For any level of Fishing, you may loot thrice and pick the basket of your choice. | U49: An ornament pole packed with fishing gadgets. Functional and ostentatious. | X49: dmg:1-4|Physical|miscellaneous | Y49: https://drive.google.com/uc?export=download&id=15pcojFxdYXmZrps5NYXdzGRiIKtrJYds
A50: IT49 | B50: item_template | C50: tile | D50: fishing | E50: River Grass | F50: goods | G50: material | H50: wrap | I50: 0 | J50: =IF(G50="","",IFERROR(IF(G50="infusing",IFERROR(LOOKUP(2,1/ISNUMBER(SEARCH(_lookup!$D$3:$D$4,H50)),_lookup!$E$3:$E$4),"INT"),VLOOKUP(G50,_lookup!$A$3:$B$14,2,FALSE)),"")) | K50: =IF(F50<>"weapon","",IF(G50="miscellaneous","1-4",IF(I50="","",IFERROR(VLOOKUP(I50&"|"&IF(LEFT(H50,2)="2H",2,1)&"|"&IF(G50="slashing",1,0),_lookup!$G$3:$H$18,2,FALSE),"")))) | L50: =IF(K50="","",IF(OR(G50="channeling",G50="infusing"),"Magical",IF(G50="blocking","Anti-Physical",IF(G50="warding","Anti-Magical","Physical")))) | O50: =IF(F50<>"armor","","TBD") | P50: =IF(O50="","",IF(OR(G50="channeling",G50="infusing"),"Magical",IF(G50="blocking","Anti-Physical",IF(G50="warding","Anti-Magical","Physical")))) | S50: 3 | T50: Used to craft tier 0 Survival bandages. | U50: Long flat blades from the shallows, stripped and dried. Rough, but it holds a knot and it is everywhere. | X50: wrap0 | Y50: https://drive.google.com/uc?export=download&id=17z3SIzlzFVoINHRT-oBUzoVzthZTDUhQ
A51: IT50 | B51: item_template | C51: tile | D51: fishing | E51: Marsh Fiber | F51: goods | G51: material | H51: wrap | I51: 1 | J51: =IF(G51="","",IFERROR(IF(G51="infusing",IFERROR(LOOKUP(2,1/ISNUMBER(SEARCH(_lookup!$D$3:$D$4,H51)),_lookup!$E$3:$E$4),"INT"),VLOOKUP(G51,_lookup!$A$3:$B$14,2,FALSE)),"")) | K51: =IF(F51<>"weapon","",IF(G51="miscellaneous","1-4",IF(I51="","",IFERROR(VLOOKUP(I51&"|"&IF(LEFT(H51,2)="2H",2,1)&"|"&IF(G51="slashing",1,0),_lookup!$G$3:$H$18,2,FALSE),"")))) | L51: =IF(K51="","",IF(OR(G51="channeling",G51="infusing"),"Magical",IF(G51="blocking","Anti-Physical",IF(G51="warding","Anti-Magical","Physical")))) | O51: =IF(F51<>"armor","","TBD") | P51: =IF(O51="","",IF(OR(G51="channeling",G51="infusing"),"Magical",IF(G51="blocking","Anti-Physical",IF(G51="warding","Anti-Magical","Physical")))) | S51: 9 | T51: Used to craft tier 1 Survival bandages. | U51: Tough russet strands pulled from the bog weed. It smells of wet earth for a week and binds a wound better than anything that cheap has a right to. | X51: wrap1 | Y51: https://drive.google.com/uc?export=download&id=1Izzvf68u3B3jhx1gQuL_71ukH_9FEEem
A52: IT51 | B52: item_template | C52: tile | D52: fishing | E52: Golden Reed | F52: goods | G52: material | H52: wrap | I52: 2 | J52: =IF(G52="","",IFERROR(IF(G52="infusing",IFERROR(LOOKUP(2,1/ISNUMBER(SEARCH(_lookup!$D$3:$D$4,H52)),_lookup!$E$3:$E$4),"INT"),VLOOKUP(G52,_lookup!$A$3:$B$14,2,FALSE)),"")) | K52: =IF(F52<>"weapon","",IF(G52="miscellaneous","1-4",IF(I52="","",IFERROR(VLOOKUP(I52&"|"&IF(LEFT(H52,2)="2H",2,1)&"|"&IF(G52="slashing",1,0),_lookup!$G$3:$H$18,2,FALSE),"")))) | L52: =IF(K52="","",IF(OR(G52="channeling",G52="infusing"),"Magical",IF(G52="blocking","Anti-Physical",IF(G52="warding","Anti-Magical","Physical")))) | O52: =IF(F52<>"armor","","TBD") | P52: =IF(O52="","",IF(OR(G52="channeling",G52="infusing"),"Magical",IF(G52="blocking","Anti-Physical",IF(G52="warding","Anti-Magical","Physical")))) | S52: 36 | T52: Used to craft tier 2 Survival bandages. | U52: Pale and fine, cut from the sunlit edge of the water. Soft enough to lay against a wound and strong enough to stay there. | X52: wrap2 | Y52: https://drive.google.com/uc?export=download&id=1r3815-DOG7brAKEpa4gQVzyJribqH8FL
A53: IT52 | B53: item_template | C53: tile | D53: fishing | E53: Sea Clovers | F53: goods | G53: material | H53: wrap | I53: 3 | J53: =IF(G53="","",IFERROR(IF(G53="infusing",IFERROR(LOOKUP(2,1/ISNUMBER(SEARCH(_lookup!$D$3:$D$4,H53)),_lookup!$E$3:$E$4),"INT"),VLOOKUP(G53,_lookup!$A$3:$B$14,2,FALSE)),"")) | K53: =IF(F53<>"weapon","",IF(G53="miscellaneous","1-4",IF(I53="","",IFERROR(VLOOKUP(I53&"|"&IF(LEFT(H53,2)="2H",2,1)&"|"&IF(G53="slashing",1,0),_lookup!$G$3:$H$18,2,FALSE),"")))) | L53: =IF(K53="","",IF(OR(G53="channeling",G53="infusing"),"Magical",IF(G53="blocking","Anti-Physical",IF(G53="warding","Anti-Magical","Physical")))) | O53: =IF(F53<>"armor","","TBD") | P53: =IF(O53="","",IF(OR(G53="channeling",G53="infusing"),"Magical",IF(G53="blocking","Anti-Physical",IF(G53="warding","Anti-Magical","Physical")))) | S53: 100 | T53: Used to craft tier 3 Survival bandages. | U53: Its broad leaves feel soothing and cool to the touch, as if imbued with some healing property of the water. | X53: wrap3 | Y53: https://drive.google.com/uc?export=download&id=1Y4-Johkegl5O7FmPlQCvoQ5MRVdUX22S
A54: IT53 | B54: item_template | C54: tile | D54: herbs | E54: Nettlecloth | F54: goods | G54: material | H54: fiber | I54: 0 | J54: =IF(G54="","",IFERROR(IF(G54="infusing",IFERROR(LOOKUP(2,1/ISNUMBER(SEARCH(_lookup!$D$3:$D$4,H54)),_lookup!$E$3:$E$4),"INT"),VLOOKUP(G54,_lookup!$A$3:$B$14,2,FALSE)),"")) | K54: =IF(F54<>"weapon","",IF(G54="miscellaneous","1-4",IF(I54="","",IFERROR(VLOOKUP(I54&"|"&IF(LEFT(H54,2)="2H",2,1)&"|"&IF(G54="slashing",1,0),_lookup!$G$3:$H$18,2,FALSE),"")))) | L54: =IF(K54="","",IF(OR(G54="channeling",G54="infusing"),"Magical",IF(G54="blocking","Anti-Physical",IF(G54="warding","Anti-Magical","Physical")))) | O54: =IF(F54<>"armor","","TBD") | P54: =IF(O54="","",IF(OR(G54="channeling",G54="infusing"),"Magical",IF(G54="blocking","Anti-Physical",IF(G54="warding","Anti-Magical","Physical")))) | S54: 3 | T54: Used to craft tier 0 Attuning infusions and Tailoring armor and scrolls. | U54: Nettle stalks retted and combed into a stiff violet sheet. Magic slides along the grain and off the edge, which is all a first bolt need do. | X54: fiber0 | Y54: https://drive.google.com/uc?export=download&id=1DYFjRRyikLiriR04Qg1VFW8pVK6K2yXs
A55: IT54 | B55: item_template | C55: tile | D55: herbs | E55: Imperial Royal | F55: goods | G55: material | H55: fiber | I55: 2 | J55: =IF(G55="","",IFERROR(IF(G55="infusing",IFERROR(LOOKUP(2,1/ISNUMBER(SEARCH(_lookup!$D$3:$D$4,H55)),_lookup!$E$3:$E$4),"INT"),VLOOKUP(G55,_lookup!$A$3:$B$14,2,FALSE)),"")) | K55: =IF(F55<>"weapon","",IF(G55="miscellaneous","1-4",IF(I55="","",IFERROR(VLOOKUP(I55&"|"&IF(LEFT(H55,2)="2H",2,1)&"|"&IF(G55="slashing",1,0),_lookup!$G$3:$H$18,2,FALSE),"")))) | L55: =IF(K55="","",IF(OR(G55="channeling",G55="infusing"),"Magical",IF(G55="blocking","Anti-Physical",IF(G55="warding","Anti-Magical","Physical")))) | O55: =IF(F55<>"armor","","TBD") | P55: =IF(O55="","",IF(OR(G55="channeling",G55="infusing"),"Magical",IF(G55="blocking","Anti-Physical",IF(G55="warding","Anti-Magical","Physical")))) | S55: 36 | T55: Used to craft tier 2 Attuning infusions and Tailoring armor and scrolls. | U55: The Marquise's own weave, ochre shot with gold and worked under her patronage alone. No scroll wards better, and no commoner may own a yard. | X55: fiber2 | Y55: https://drive.google.com/uc?export=download&id=1dEjyua469EApGmKVS2oGIx5-RGvfuOlR
A56: IT55 | B56: item_template | C56: tile | D56: herbs | E56: Silkfloss | F56: goods | G56: material | H56: fiber | I56: 1 | J56: =IF(G56="","",IFERROR(IF(G56="infusing",IFERROR(LOOKUP(2,1/ISNUMBER(SEARCH(_lookup!$D$3:$D$4,H56)),_lookup!$E$3:$E$4),"INT"),VLOOKUP(G56,_lookup!$A$3:$B$14,2,FALSE)),"")) | K56: =IF(F56<>"weapon","",IF(G56="miscellaneous","1-4",IF(I56="","",IFERROR(VLOOKUP(I56&"|"&IF(LEFT(H56,2)="2H",2,1)&"|"&IF(G56="slashing",1,0),_lookup!$G$3:$H$18,2,FALSE),"")))) | L56: =IF(K56="","",IF(OR(G56="channeling",G56="infusing"),"Magical",IF(G56="blocking","Anti-Physical",IF(G56="warding","Anti-Magical","Physical")))) | O56: =IF(F56<>"armor","","TBD") | P56: =IF(O56="","",IF(OR(G56="channeling",G56="infusing"),"Magical",IF(G56="blocking","Anti-Physical",IF(G56="warding","Anti-Magical","Physical")))) | S56: 9 | T56: Used to craft tier 1 Attuning infusions and Tailoring armor and scrolls. | U56: Pale down combed from burst pods, the sheet near weightless. It soaks up essence as readily as water, and lets go just as easily. | X56: fiber1 | Y56: https://drive.google.com/uc?export=download&id=1MLqC2u_j9pulVdrVpp4y9pj62gEvL9qQ
A57: IT56 | B57: item_template | C57: tile | D57: herbs | E57: Eboncloth | F57: goods | G57: material | H57: fiber | I57: 1 | J57: =IF(G57="","",IFERROR(IF(G57="infusing",IFERROR(LOOKUP(2,1/ISNUMBER(SEARCH(_lookup!$D$3:$D$4,H57)),_lookup!$E$3:$E$4),"INT"),VLOOKUP(G57,_lookup!$A$3:$B$14,2,FALSE)),"")) | K57: =IF(F57<>"weapon","",IF(G57="miscellaneous","1-4",IF(I57="","",IFERROR(VLOOKUP(I57&"|"&IF(LEFT(H57,2)="2H",2,1)&"|"&IF(G57="slashing",1,0),_lookup!$G$3:$H$18,2,FALSE),"")))) | L57: =IF(K57="","",IF(OR(G57="channeling",G57="infusing"),"Magical",IF(G57="blocking","Anti-Physical",IF(G57="warding","Anti-Magical","Physical")))) | O57: =IF(F57<>"armor","","TBD") | P57: =IF(O57="","",IF(OR(G57="channeling",G57="infusing"),"Magical",IF(G57="blocking","Anti-Physical",IF(G57="warding","Anti-Magical","Physical")))) | S57: 9 | T57: Used to craft tier 1 Attuning infusions and Tailoring armor and scrolls. | U57: Eyrie black, spun from bog fibre and sized until it drinks the light. Magic put against it is swallowed rather than turned. | X57: fiber1 | Y57: https://drive.google.com/uc?export=download&id=1gSHwuVZjADGW0L6QEwubF3e9WStxw7M3
... A60: IT59 | B60: item_template | C60: tile | D60: herbs | E60: Moonthistle | F60: goods | G60: material | H60: fiber | I60: 3 | J60: =IF(G60="","",IFERROR(IF(G60="infusing",IFERROR(LOOKUP(2,1/ISNUMBER(SEARCH(_lookup!$D$3:$D$4,H60)),_lookup!$E$3:$E$4),"INT"),VLOOKUP(G60,_lookup!$A$3:$B$14,2,FALSE)),"")) | K60: =IF(F60<>"weapon","",IF(G60="miscellaneous","1-4",IF(I60="","",IFERROR(VLOOKUP(I60&"|"&IF(LEFT(H60,2)="2H",2,1)&"|"&IF(G60="slashing",1,0),_lookup!$G$3:$H$18,2,FALSE),"")))) | L60: =IF(K60="","",IF(OR(G60="channeling",G60="infusing"),"Magical",IF(G60="blocking","Anti-Physical",IF(G60="warding","Anti-Magical","Physical")))) | O60: =IF(F60<>"armor","","TBD") | P60: =IF(O60="","",IF(OR(G60="channeling",G60="infusing"),"Magical",IF(G60="blocking","Anti-Physical",IF(G60="warding","Anti-Magical","Physical")))) | S60: 100 | T60: Used to craft tier 3 Attuning infusions and Tailoring armor and scrolls. | U60: Thistleheads that open one night in a moon, spun before dawn. The sheet takes a charge far past its weight, and spell-users ruin themselves for a spool. | X60: fiber3 | Y60: https://drive.google.com/uc?export=download&id=17ifAfBWUB0gwUJws61cQoUvCgCvutZgt
A61: IT60 | B61: item_template | C61: tile | D61: herbs | E61: Herbalist's Gloves | F61: armor | G61: miscellaneous | H61: hands | I61: 0 | J61: =IF(G61="","",IFERROR(IF(G61="infusing",IFERROR(LOOKUP(2,1/ISNUMBER(SEARCH(_lookup!$D$3:$D$4,H61)),_lookup!$E$3:$E$4),"INT"),VLOOKUP(G61,_lookup!$A$3:$B$14,2,FALSE)),"")) | K61: =IF(F61<>"weapon","",IF(G61="miscellaneous","1-4",IF(I61="","",IFERROR(VLOOKUP(I61&"|"&IF(LEFT(H61,2)="2H",2,1)&"|"&IF(G61="slashing",1,0),_lookup!$G$3:$H$18,2,FALSE),"")))) | L61: =IF(K61="","",IF(OR(G61="channeling",G61="infusing"),"Magical",IF(G61="blocking","Anti-Physical",IF(G61="warding","Anti-Magical","Physical")))) | O61: =IF(F61<>"armor","","TBD") | P61: =IF(O61="","",IF(OR(G61="channeling",G61="infusing"),"Magical",IF(G61="blocking","Anti-Physical",IF(G61="warding","Anti-Magical","Physical")))) | S61: 12 | T61: Doubles the loot of level 0 Herbalism. This does not stack. | U61: Plain white workshop gloves with a worn leather cuff. No help against a blade, but a full basket is a full basket. | Y61: https://drive.google.com/uc?export=download&id=1fEh-67Z7hEDBFazvwIFgy5M_G7QmMt4z
A62: IT61 | B62: item_template | C62: tile | D62: herbs | E62: Nimble Herbalist's Gloves | F62: armor | G62: miscellaneous | H62: hands | I62: 1 | J62: =IF(G62="","",IFERROR(IF(G62="infusing",IFERROR(LOOKUP(2,1/ISNUMBER(SEARCH(_lookup!$D$3:$D$4,H62)),_lookup!$E$3:$E$4),"INT"),VLOOKUP(G62,_lookup!$A$3:$B$14,2,FALSE)),"")) | K62: =IF(F62<>"weapon","",IF(G62="miscellaneous","1-4",IF(I62="","",IFERROR(VLOOKUP(I62&"|"&IF(LEFT(H62,2)="2H",2,1)&"|"&IF(G62="slashing",1,0),_lookup!$G$3:$H$18,2,FALSE),"")))) | L62: =IF(K62="","",IF(OR(G62="channeling",G62="infusing"),"Magical",IF(G62="blocking","Anti-Physical",IF(G62="warding","Anti-Magical","Physical")))) | O62: =IF(F62<>"armor","","TBD") | P62: =IF(O62="","",IF(OR(G62="channeling",G62="infusing"),"Magical",IF(G62="blocking","Anti-Physical",IF(G62="warding","Anti-Magical","Physical")))) | S62: 36 | T62: Doubles the loot of level 0 or 1 Herbalism. This does not stack. | U62: Close-fitting, brass-studded at the knuckle, seams turned inside so nothing catches on a stem. A careful paw cuts twice as fast. | Y62: https://drive.google.com/uc?export=download&id=1AS3y_GU2wCW-fiMTJjncoFHbPajwd_xb
A63: IT62 | B63: item_template | C63: tile | D63: herbs | E63: Attuned Herbalist's Gloves | F63: armor | G63: miscellaneous | H63: hands | I63: 2 | J63: =IF(G63="","",IFERROR(IF(G63="infusing",IFERROR(LOOKUP(2,1/ISNUMBER(SEARCH(_lookup!$D$3:$D$4,H63)),_lookup!$E$3:$E$4),"INT"),VLOOKUP(G63,_lookup!$A$3:$B$14,2,FALSE)),"")) | K63: =IF(F63<>"weapon","",IF(G63="miscellaneous","1-4",IF(I63="","",IFERROR(VLOOKUP(I63&"|"&IF(LEFT(H63,2)="2H",2,1)&"|"&IF(G63="slashing",1,0),_lookup!$G$3:$H$18,2,FALSE),"")))) | L63: =IF(K63="","",IF(OR(G63="channeling",G63="infusing"),"Magical",IF(G63="blocking","Anti-Physical",IF(G63="warding","Anti-Magical","Physical")))) | O63: =IF(F63<>"armor","","TBD") | P63: =IF(O63="","",IF(OR(G63="channeling",G63="infusing"),"Magical",IF(G63="blocking","Anti-Physical",IF(G63="warding","Anti-Magical","Physical")))) | S63: 144 | T63: Doubles the loot of level 0, 1, or 2 Herbalism. This does not stack. | U63: Crescent-marked and banded at the wrist, stitched in charged thread. The glove hums near a worthwhile growth before the wearer sees it. | Y63: https://drive.google.com/uc?export=download&id=1U1RjS4Zzeyh38m7Btb33A2K-SfZNlxFZ
A64: IT63 | B64: item_template | C64: tile | D64: herbs | E64: Dawnpenny | F64: goods | G64: material | H64: herb | I64: 0 | J64: =IF(G64="","",IFERROR(IF(G64="infusing",IFERROR(LOOKUP(2,1/ISNUMBER(SEARCH(_lookup!$D$3:$D$4,H64)),_lookup!$E$3:$E$4),"INT"),VLOOKUP(G64,_lookup!$A$3:$B$14,2,FALSE)),"")) | K64: =IF(F64<>"weapon","",IF(G64="miscellaneous","1-4",IF(I64="","",IFERROR(VLOOKUP(I64&"|"&IF(LEFT(H64,2)="2H",2,1)&"|"&IF(G64="slashing",1,0),_lookup!$G$3:$H$18,2,FALSE),"")))) | L64: =IF(K64="","",IF(OR(G64="channeling",G64="infusing"),"Magical",IF(G64="blocking","Anti-Physical",IF(G64="warding","Anti-Magical","Physical")))) | O64: =IF(F64<>"armor","","TBD") | P64: =IF(O64="","",IF(OR(G64="channeling",G64="infusing"),"Magical",IF(G64="blocking","Anti-Physical",IF(G64="warding","Anti-Magical","Physical")))) | S64: 3 | T64: Used to craft tier 0 Survival potions. | U64: A broad yellow flower that opens flat to first light and shuts by noon. It lines every cart track in the Woodland, which is why it is cheap. | X64: herb0 | Y64: https://drive.google.com/uc?export=download&id=10RUus0JBYQRLBGFXEI4RD0qHsnAhsD-D
A65: IT64 | B65: item_template | C65: tile | D65: herbs | E65: Nightgrass | F65: goods | G65: material | H65: herb | I65: 0 | J65: =IF(G65="","",IFERROR(IF(G65="infusing",IFERROR(LOOKUP(2,1/ISNUMBER(SEARCH(_lookup!$D$3:$D$4,H65)),_lookup!$E$3:$E$4),"INT"),VLOOKUP(G65,_lookup!$A$3:$B$14,2,FALSE)),"")) | K65: =IF(F65<>"weapon","",IF(G65="miscellaneous","1-4",IF(I65="","",IFERROR(VLOOKUP(I65&"|"&IF(LEFT(H65,2)="2H",2,1)&"|"&IF(G65="slashing",1,0),_lookup!$G$3:$H$18,2,FALSE),"")))) | L65: =IF(K65="","",IF(OR(G65="channeling",G65="infusing"),"Magical",IF(G65="blocking","Anti-Physical",IF(G65="warding","Anti-Magical","Physical")))) | O65: =IF(F65<>"armor","","TBD") | P65: =IF(O65="","",IF(OR(G65="channeling",G65="infusing"),"Magical",IF(G65="blocking","Anti-Physical",IF(G65="warding","Anti-Magical","Physical")))) | S65: 3 | T65: Used to craft tier 0 Survival potions. | U65: Long green blades that hold a glow of their own after dark. Bitter enough raw that nobody eats it twice, useful enough that everybody carries some. | X65: herb0 | Y65: https://drive.google.com/uc?export=download&id=19opZAfd9obv70LZTXxkvp_hnP608u-yU
A66: IT65 | B66: item_template | C66: tile | D66: herbs | E66: Dreamfoil | F66: goods | G66: material | H66: herb | I66: 1 | J66: =IF(G66="","",IFERROR(IF(G66="infusing",IFERROR(LOOKUP(2,1/ISNUMBER(SEARCH(_lookup!$D$3:$D$4,H66)),_lookup!$E$3:$E$4),"INT"),VLOOKUP(G66,_lookup!$A$3:$B$14,2,FALSE)),"")) | K66: =IF(F66<>"weapon","",IF(G66="miscellaneous","1-4",IF(I66="","",IFERROR(VLOOKUP(I66&"|"&IF(LEFT(H66,2)="2H",2,1)&"|"&IF(G66="slashing",1,0),_lookup!$G$3:$H$18,2,FALSE),"")))) | L66: =IF(K66="","",IF(OR(G66="channeling",G66="infusing"),"Magical",IF(G66="blocking","Anti-Physical",IF(G66="warding","Anti-Magical","Physical")))) | O66: =IF(F66<>"armor","","TBD") | P66: =IF(O66="","",IF(OR(G66="channeling",G66="infusing"),"Magical",IF(G66="blocking","Anti-Physical",IF(G66="warding","Anti-Magical","Physical")))) | S66: 9 | T66: Used to craft tier 1 Survival potions. | U66: Pale blue spines, cold to the paw, found in hollows where the mist settles. Chewed in the field it dulls pain and judgement alike. | X66: herb1 | Y66: https://drive.google.com/uc?export=download&id=1FLpnNkjCyV_wIP6KtpQeBF5DlrdklCTj
A67: IT66 | B67: item_template | C67: tile | D67: herbs | E67: Emberlily | F67: goods | G67: material | H67: herb | I67: 1 | J67: =IF(G67="","",IFERROR(IF(G67="infusing",IFERROR(LOOKUP(2,1/ISNUMBER(SEARCH(_lookup!$D$3:$D$4,H67)),_lookup!$E$3:$E$4),"INT"),VLOOKUP(G67,_lookup!$A$3:$B$14,2,FALSE)),"")) | K67: =IF(F67<>"weapon","",IF(G67="miscellaneous","1-4",IF(I67="","",IFERROR(VLOOKUP(I67&"|"&IF(LEFT(H67,2)="2H",2,1)&"|"&IF(G67="slashing",1,0),_lookup!$G$3:$H$18,2,FALSE),"")))) | L67: =IF(K67="","",IF(OR(G67="channeling",G67="infusing"),"Magical",IF(G67="blocking","Anti-Physical",IF(G67="warding","Anti-Magical","Physical")))) | O67: =IF(F67<>"armor","","TBD") | P67: =IF(O67="","",IF(OR(G67="channeling",G67="infusing"),"Magical",IF(G67="blocking","Anti-Physical",IF(G67="warding","Anti-Magical","Physical")))) | S67: 9 | T67: Used to craft tier 1 Survival potions. | U67: A red lily streaked with orange, the petals warm hours after cutting. It grows from burnt ground and nowhere else, so it travels wrapped. | X67: herb1 | Y67: https://drive.google.com/uc?export=download&id=1yuW4odyCyBscwEEYD_gi8sz7C724vRJR
A68: IT67 | B68: item_template | C68: tile | D68: herbs | E68: Sorrowbloom | F68: goods | G68: material | H68: herb | I68: 2 | J68: =IF(G68="","",IFERROR(IF(G68="infusing",IFERROR(LOOKUP(2,1/ISNUMBER(SEARCH(_lookup!$D$3:$D$4,H68)),_lookup!$E$3:$E$4),"INT"),VLOOKUP(G68,_lookup!$A$3:$B$14,2,FALSE)),"")) | K68: =IF(F68<>"weapon","",IF(G68="miscellaneous","1-4",IF(I68="","",IFERROR(VLOOKUP(I68&"|"&IF(LEFT(H68,2)="2H",2,1)&"|"&IF(G68="slashing",1,0),_lookup!$G$3:$H$18,2,FALSE),"")))) | L68: =IF(K68="","",IF(OR(G68="channeling",G68="infusing"),"Magical",IF(G68="blocking","Anti-Physical",IF(G68="warding","Anti-Magical","Physical")))) | O68: =IF(F68<>"armor","","TBD") | P68: =IF(O68="","",IF(OR(G68="channeling",G68="infusing"),"Magical",IF(G68="blocking","Anti-Physical",IF(G68="warding","Anti-Magical","Physical")))) | S68: 36 | T68: Used to craft tier 2 Survival potions. | U68: Deep purple star-flowers on a dark stem, thickest over old battlefields. Foragers who know what that means cut it anyway. | X68: herb2 | Y68: https://drive.google.com/uc?export=download&id=1ZuA4U7BKN5JuCMZmNSRoVUcKXaUqv-3j
A69: IT68 | B69: item_template | C69: tile | D69: herbs | E69: Silversage | F69: goods | G69: material | H69: herb | I69: 2 | J69: =IF(G69="","",IFERROR(IF(G69="infusing",IFERROR(LOOKUP(2,1/ISNUMBER(SEARCH(_lookup!$D$3:$D$4,H69)),_lookup!$E$3:$E$4),"INT"),VLOOKUP(G69,_lookup!$A$3:$B$14,2,FALSE)),"")) | K69: =IF(F69<>"weapon","",IF(G69="miscellaneous","1-4",IF(I69="","",IFERROR(VLOOKUP(I69&"|"&IF(LEFT(H69,2)="2H",2,1)&"|"&IF(G69="slashing",1,0),_lookup!$G$3:$H$18,2,FALSE),"")))) | L69: =IF(K69="","",IF(OR(G69="channeling",G69="infusing"),"Magical",IF(G69="blocking","Anti-Physical",IF(G69="warding","Anti-Magical","Physical")))) | O69: =IF(F69<>"armor","","TBD") | P69: =IF(O69="","",IF(OR(G69="channeling",G69="infusing"),"Magical",IF(G69="blocking","Anti-Physical",IF(G69="warding","Anti-Magical","Physical")))) | S69: 36 | T69: Used to craft tier 2 Survival potions. | U69: A mint rosette of thick leaves with a clean, cold smell that clears a crowded head. Apothecaries prize it for potions meant to keep. | X69: herb2 | Y69: https://drive.google.com/uc?export=download&id=1at_fLzjMJBNl1k-X2gs5fwhJh28QA8Ls
A70: IT69 | B70: item_template | C70: tile | D70: herbs | E70: Dragon's Teeth | F70: goods | G70: material | H70: herb | I70: 3 | J70: =IF(G70="","",IFERROR(IF(G70="infusing",IFERROR(LOOKUP(2,1/ISNUMBER(SEARCH(_lookup!$D$3:$D$4,H70)),_lookup!$E$3:$E$4),"INT"),VLOOKUP(G70,_lookup!$A$3:$B$14,2,FALSE)),"")) | K70: =IF(F70<>"weapon","",IF(G70="miscellaneous","1-4",IF(I70="","",IFERROR(VLOOKUP(I70&"|"&IF(LEFT(H70,2)="2H",2,1)&"|"&IF(G70="slashing",1,0),_lookup!$G$3:$H$18,2,FALSE),"")))) | L70: =IF(K70="","",IF(OR(G70="channeling",G70="infusing"),"Magical",IF(G70="blocking","Anti-Physical",IF(G70="warding","Anti-Magical","Physical")))) | O70: =IF(F70<>"armor","","TBD") | P70: =IF(O70="","",IF(OR(G70="channeling",G70="infusing"),"Magical",IF(G70="blocking","Anti-Physical",IF(G70="warding","Anti-Magical","Physical")))) | S70: 100 | T70: Used to craft tier 3 Survival potions. | U70: Curved white fangs veined with red, coming up in rows along the ridge stone. Draw them whole or the virtue bleeds out. | X70: herb3 | Y70: https://drive.google.com/uc?export=download&id=1JckuJ0PungUIi60to6Z2iybNvVJ68iQp
A71: IT70 | B71: item_template | C71: tile | D71: herbs | E71: Liferoot | F71: goods | G71: material | H71: herb | I71: 3 | J71: =IF(G71="","",IFERROR(IF(G71="infusing",IFERROR(LOOKUP(2,1/ISNUMBER(SEARCH(_lookup!$D$3:$D$4,H71)),_lookup!$E$3:$E$4),"INT"),VLOOKUP(G71,_lookup!$A$3:$B$14,2,FALSE)),"")) | K71: =IF(F71<>"weapon","",IF(G71="miscellaneous","1-4",IF(I71="","",IFERROR(VLOOKUP(I71&"|"&IF(LEFT(H71,2)="2H",2,1)&"|"&IF(G71="slashing",1,0),_lookup!$G$3:$H$18,2,FALSE),"")))) | L71: =IF(K71="","",IF(OR(G71="channeling",G71="infusing"),"Magical",IF(G71="blocking","Anti-Physical",IF(G71="warding","Anti-Magical","Physical")))) | O71: =IF(F71<>"armor","","TBD") | P71: =IF(O71="","",IF(OR(G71="channeling",G71="infusing"),"Magical",IF(G71="blocking","Anti-Physical",IF(G71="warding","Anti-Magical","Physical")))) | S71: 100 | T71: Used to craft tier 3 Survival potions. | U71: A root grown in a tight blue spiral inside its own golden wood. Every mystic has a theory, and none will dig for it alone. | X71: herb3 | Y71: https://drive.google.com/uc?export=download&id=1JqeOr3STV6GAlQMbbeukJ7bgO22L8P3e
A72: IT71 | B72: item_template | C72: tile | D72: herbs | E72: Twig | F72: goods | G72: junk | I72: 0 | J72: =IF(G72="","",IFERROR(IF(G72="infusing",IFERROR(LOOKUP(2,1/ISNUMBER(SEARCH(_lookup!$D$3:$D$4,H72)),_lookup!$E$3:$E$4),"INT"),VLOOKUP(G72,_lookup!$A$3:$B$14,2,FALSE)),"")) | K72: =IF(F72<>"weapon","",IF(G72="miscellaneous","1-4",IF(I72="","",IFERROR(VLOOKUP(I72&"|"&IF(LEFT(H72,2)="2H",2,1)&"|"&IF(G72="slashing",1,0),_lookup!$G$3:$H$18,2,FALSE),"")))) | L72: =IF(K72="","",IF(OR(G72="channeling",G72="infusing"),"Magical",IF(G72="blocking","Anti-Physical",IF(G72="warding","Anti-Magical","Physical")))) | O72: =IF(F72<>"armor","","TBD") | P72: =IF(O72="","",IF(OR(G72="channeling",G72="infusing"),"Magical",IF(G72="blocking","Anti-Physical",IF(G72="warding","Anti-Magical","Physical")))) | S72: 1 | U72: A green twig with a few pink buds still on it. It was attached to something more promising a moment ago. | Y72: https://drive.google.com/uc?export=download&id=1WofBJ9UYhO3k7H76mxD23qOorr7uGsKC
A73: IT72 | B73: item_template | C73: tile | D73: herbs | E73: Heartbean | F73: goods | G73: material | H73: seed | I73: 0 | J73: =IF(G73="","",IFERROR(IF(G73="infusing",IFERROR(LOOKUP(2,1/ISNUMBER(SEARCH(_lookup!$D$3:$D$4,H73)),_lookup!$E$3:$E$4),"INT"),VLOOKUP(G73,_lookup!$A$3:$B$14,2,FALSE)),"")) | K73: =IF(F73<>"weapon","",IF(G73="miscellaneous","1-4",IF(I73="","",IFERROR(VLOOKUP(I73&"|"&IF(LEFT(H73,2)="2H",2,1)&"|"&IF(G73="slashing",1,0),_lookup!$G$3:$H$18,2,FALSE),"")))) | L73: =IF(K73="","",IF(OR(G73="channeling",G73="infusing"),"Magical",IF(G73="blocking","Anti-Physical",IF(G73="warding","Anti-Magical","Physical")))) | O73: =IF(F73<>"armor","","TBD") | P73: =IF(O73="","",IF(OR(G73="channeling",G73="infusing"),"Magical",IF(G73="blocking","Anti-Physical",IF(G73="warding","Anti-Magical","Physical")))) | S73: 3 | T73: Used to craft tier 0 Attuning spelldust. | U73: Cream-pale and warm in the paw, holding the last charge the plant drew before cutting. Ground fine, it gives an infusion a modest edge. | X73: seed0 | Y73: https://drive.google.com/uc?export=download&id=1MM9HXLbAhvPatKteacw1y3a2hNsx9fFE
A74: IT73 | B74: item_template | C74: tile | D74: herbs | E74: Glowpod | F74: goods | G74: material | H74: seed | I74: 1 | J74: =IF(G74="","",IFERROR(IF(G74="infusing",IFERROR(LOOKUP(2,1/ISNUMBER(SEARCH(_lookup!$D$3:$D$4,H74)),_lookup!$E$3:$E$4),"INT"),VLOOKUP(G74,_lookup!$A$3:$B$14,2,FALSE)),"")) | K74: =IF(F74<>"weapon","",IF(G74="miscellaneous","1-4",IF(I74="","",IFERROR(VLOOKUP(I74&"|"&IF(LEFT(H74,2)="2H",2,1)&"|"&IF(G74="slashing",1,0),_lookup!$G$3:$H$18,2,FALSE),"")))) | L74: =IF(K74="","",IF(OR(G74="channeling",G74="infusing"),"Magical",IF(G74="blocking","Anti-Physical",IF(G74="warding","Anti-Magical","Physical")))) | O74: =IF(F74<>"armor","","TBD") | P74: =IF(O74="","",IF(OR(G74="channeling",G74="infusing"),"Magical",IF(G74="blocking","Anti-Physical",IF(G74="warding","Anti-Magical","Physical")))) | S74: 9 | T74: Used to craft tier 1 Attuning spelldust. | U74: The orange flush at the tip is charge the seed could not contain. Its dust bites harder than a Heartbean, and spends itself faster. | X74: seed1 | Y74: https://drive.google.com/uc?export=download&id=11kA6nF3i1dqr65q8yJlb0nIa8csU0XsB
A75: IT74 | B75: item_template | C75: tile | D75: herbs | E75: Moonpip | F75: goods | G75: material | H75: seed | I75: 2 | J75: =IF(G75="","",IFERROR(IF(G75="infusing",IFERROR(LOOKUP(2,1/ISNUMBER(SEARCH(_lookup!$D$3:$D$4,H75)),_lookup!$E$3:$E$4),"INT"),VLOOKUP(G75,_lookup!$A$3:$B$14,2,FALSE)),"")) | K75: =IF(F75<>"weapon","",IF(G75="miscellaneous","1-4",IF(I75="","",IFERROR(VLOOKUP(I75&"|"&IF(LEFT(H75,2)="2H",2,1)&"|"&IF(G75="slashing",1,0),_lookup!$G$3:$H$18,2,FALSE),"")))) | L75: =IF(K75="","",IF(OR(G75="channeling",G75="infusing"),"Magical",IF(G75="blocking","Anti-Physical",IF(G75="warding","Anti-Magical","Physical")))) | O75: =IF(F75<>"armor","","TBD") | P75: =IF(O75="","",IF(OR(G75="channeling",G75="infusing"),"Magical",IF(G75="blocking","Anti-Physical",IF(G75="warding","Anti-Magical","Physical")))) | S75: 36 | T75: Used to craft tier 2 Attuning spelldust. | U75: Set under a full moon, and it keeps that cold draw long after the pod opens. The dust holds through a working instead of burning off early. | X75: seed2 | Y75: https://drive.google.com/uc?export=download&id=140Ork0_0azZsA1JbK1IkJWi5RwYHQWcy
A76: IT75 | B76: item_template | C76: tile | D76: herbs | E76: Crystalseed | F76: goods | G76: material | H76: seed | I76: 3 | J76: =IF(G76="","",IFERROR(IF(G76="infusing",IFERROR(LOOKUP(2,1/ISNUMBER(SEARCH(_lookup!$D$3:$D$4,H76)),_lookup!$E$3:$E$4),"INT"),VLOOKUP(G76,_lookup!$A$3:$B$14,2,FALSE)),"")) | K76: =IF(F76<>"weapon","",IF(G76="miscellaneous","1-4",IF(I76="","",IFERROR(VLOOKUP(I76&"|"&IF(LEFT(H76,2)="2H",2,1)&"|"&IF(G76="slashing",1,0),_lookup!$G$3:$H$18,2,FALSE),"")))) | L76: =IF(K76="","",IF(OR(G76="channeling",G76="infusing"),"Magical",IF(G76="blocking","Anti-Physical",IF(G76="warding","Anti-Magical","Physical")))) | O76: =IF(F76<>"armor","","TBD") | P76: =IF(O76="","",IF(OR(G76="channeling",G76="infusing"),"Magical",IF(G76="blocking","Anti-Physical",IF(G76="warding","Anti-Magical","Physical")))) | S76: 100 | T76: Used to craft tier 3 Attuning spelldust. | U76: The crest and long jaw are not decoration; it grew to hold more than a seed should. Its dust takes an infusion past the crystal's cut. | X76: seed3 | Y76: https://drive.google.com/uc?export=download&id=14Xsa2PHPq6dqM_Q4WmBkq2votG8aO9x_
A77: IT76 | B77: item_template | C77: tile | D77: forestry | E77: Woodaxe | F77: weapon | G77: miscellaneous | H77: 1H | I77: 0 | J77: =IF(G77="","",IFERROR(IF(G77="infusing",IFERROR(LOOKUP(2,1/ISNUMBER(SEARCH(_lookup!$D$3:$D$4,H77)),_lookup!$E$3:$E$4),"INT"),VLOOKUP(G77,_lookup!$A$3:$B$14,2,FALSE)),"")) | K77: =IF(F77<>"weapon","",IF(G77="miscellaneous","1-4",IF(I77="","",IFERROR(VLOOKUP(I77&"|"&IF(LEFT(H77,2)="2H",2,1)&"|"&IF(G77="slashing",1,0),_lookup!$G$3:$H$18,2,FALSE),"")))) | L77: =IF(K77="","",IF(OR(G77="channeling",G77="infusing"),"Magical",IF(G77="blocking","Anti-Physical",IF(G77="warding","Anti-Magical","Physical")))) | O77: =IF(F77<>"armor","","TBD") | P77: =IF(O77="","",IF(OR(G77="channeling",G77="infusing"),"Magical",IF(G77="blocking","Anti-Physical",IF(G77="warding","Anti-Magical","Physical")))) | S77: 12 | T77: Doubles the loot of level 0 Forestry. This does not stack. | U77: Every cottage keeps one by the door, and every one has been sharpened more times than its owner can count. | X77: dmg:1-4|Physical|miscellaneous | Y77: https://drive.google.com/uc?export=download&id=1ahJfjoXiGVc2VR91r95wg7fnmkWVN1XU
A78: IT77 | B78: item_template | C78: tile | D78: forestry | E78: Sturdy Woodaxe | F78: weapon | G78: miscellaneous | H78: 1H | I78: 1 | J78: =IF(G78="","",IFERROR(IF(G78="infusing",IFERROR(LOOKUP(2,1/ISNUMBER(SEARCH(_lookup!$D$3:$D$4,H78)),_lookup!$E$3:$E$4),"INT"),VLOOKUP(G78,_lookup!$A$3:$B$14,2,FALSE)),"")) | K78: =IF(F78<>"weapon","",IF(G78="miscellaneous","1-4",IF(I78="","",IFERROR(VLOOKUP(I78&"|"&IF(LEFT(H78,2)="2H",2,1)&"|"&IF(G78="slashing",1,0),_lookup!$G$3:$H$18,2,FALSE),"")))) | L78: =IF(K78="","",IF(OR(G78="channeling",G78="infusing"),"Magical",IF(G78="blocking","Anti-Physical",IF(G78="warding","Anti-Magical","Physical")))) | O78: =IF(F78<>"armor","","TBD") | P78: =IF(O78="","",IF(OR(G78="channeling",G78="infusing"),"Magical",IF(G78="blocking","Anti-Physical",IF(G78="warding","Anti-Magical","Physical")))) | S78: 36 | T78: Doubles the loot of level 0 or 1 Forestry. This does not stack. | U78: Stamped with the forestry lodge's mark. Show it at any mill and they'll weigh your timber fairly. | X78: dmg:1-4|Physical|miscellaneous | Y78: https://drive.google.com/uc?export=download&id=1QLRlt_no5MD88DW8_xNyf0wn86i3UxQC
A79: IT78 | B79: item_template | C79: tile | D79: forestry | E79: Steel Woodaxe | F79: weapon | G79: miscellaneous | H79: 1H | I79: 2 | J79: =IF(G79="","",IFERROR(IF(G79="infusing",IFERROR(LOOKUP(2,1/ISNUMBER(SEARCH(_lookup!$D$3:$D$4,H79)),_lookup!$E$3:$E$4),"INT"),VLOOKUP(G79,_lookup!$A$3:$B$14,2,FALSE)),"")) | K79: =IF(F79<>"weapon","",IF(G79="miscellaneous","1-4",IF(I79="","",IFERROR(VLOOKUP(I79&"|"&IF(LEFT(H79,2)="2H",2,1)&"|"&IF(G79="slashing",1,0),_lookup!$G$3:$H$18,2,FALSE),"")))) | L79: =IF(K79="","",IF(OR(G79="channeling",G79="infusing"),"Magical",IF(G79="blocking","Anti-Physical",IF(G79="warding","Anti-Magical","Physical")))) | O79: =IF(F79<>"armor","","TBD") | P79: =IF(O79="","",IF(OR(G79="channeling",G79="infusing"),"Magical",IF(G79="blocking","Anti-Physical",IF(G79="warding","Anti-Magical","Physical")))) | S79: 144 | T79: Doubles the loot of level 0, 1, or 2 Forestry. This does not stack. | U79: Carried only by those who mark which trees may fall. Timber cut by any other blade is simply stolen. | X79: dmg:1-4|Physical|miscellaneous | Y79: https://drive.google.com/uc?export=download&id=1-1ZUe75PBaiW6YfkisWkvj0qbpnLGnZN
A80: IT79 | B80: item_template | C80: tile | D80: forestry | E80: Simple Wood | F80: goods | G80: junk | J80: =IF(G80="","",IFERROR(IF(G80="infusing",IFERROR(LOOKUP(2,1/ISNUMBER(SEARCH(_lookup!$D$3:$D$4,H80)),_lookup!$E$3:$E$4),"INT"),VLOOKUP(G80,_lookup!$A$3:$B$14,2,FALSE)),"")) | K80: =IF(F80<>"weapon","",IF(G80="miscellaneous","1-4",IF(I80="","",IFERROR(VLOOKUP(I80&"|"&IF(LEFT(H80,2)="2H",2,1)&"|"&IF(G80="slashing",1,0),_lookup!$G$3:$H$18,2,FALSE),"")))) | L80: =IF(K80="","",IF(OR(G80="channeling",G80="infusing"),"Magical",IF(G80="blocking","Anti-Physical",IF(G80="warding","Anti-Magical","Physical")))) | O80: =IF(F80<>"armor","","TBD") | P80: =IF(O80="","",IF(OR(G80="channeling",G80="infusing"),"Magical",IF(G80="blocking","Anti-Physical",IF(G80="warding","Anti-Magical","Physical")))) | U80: Too knotted to carve and too damp to burn well. Someone at the mill will still pay a coin for it. | Y80: https://drive.google.com/uc?export=download&id=1Y0lcjc4S3CwFLs6GFICxizy9yMsjf2kz
A81: IT80 | B81: item_template | C81: tile | D81: forestry | E81: Hedgecap | F81: goods | G81: material | H81: mushroom | I81: 0 | J81: =IF(G81="","",IFERROR(IF(G81="infusing",IFERROR(LOOKUP(2,1/ISNUMBER(SEARCH(_lookup!$D$3:$D$4,H81)),_lookup!$E$3:$E$4),"INT"),VLOOKUP(G81,_lookup!$A$3:$B$14,2,FALSE)),"")) | K81: =IF(F81<>"weapon","",IF(G81="miscellaneous","1-4",IF(I81="","",IFERROR(VLOOKUP(I81&"|"&IF(LEFT(H81,2)="2H",2,1)&"|"&IF(G81="slashing",1,0),_lookup!$G$3:$H$18,2,FALSE),"")))) | L81: =IF(K81="","",IF(OR(G81="channeling",G81="infusing"),"Magical",IF(G81="blocking","Anti-Physical",IF(G81="warding","Anti-Magical","Physical")))) | O81: =IF(F81<>"armor","","TBD") | P81: =IF(O81="","",IF(OR(G81="channeling",G81="infusing"),"Magical",IF(G81="blocking","Anti-Physical",IF(G81="warding","Anti-Magical","Physical")))) | S81: 3 | T81: Used to craft tier 0 Survival drinks. | U81: Every tavern cellar keeps a sack. Brewed plain, it makes the brown ale that ends a long day in the fields. | X81: mushroom0 | Y81: https://drive.google.com/uc?export=download&id=163SkDPNZQalpcOQBLoFf8YqoaBLGGI5T
A82: IT81 | B82: item_template | C82: tile | D82: forestry | E82: Stormhood | F82: goods | G82: material | H82: mushroom | I82: 1 | J82: =IF(G82="","",IFERROR(IF(G82="infusing",IFERROR(LOOKUP(2,1/ISNUMBER(SEARCH(_lookup!$D$3:$D$4,H82)),_lookup!$E$3:$E$4),"INT"),VLOOKUP(G82,_lookup!$A$3:$B$14,2,FALSE)),"")) | K82: =IF(F82<>"weapon","",IF(G82="miscellaneous","1-4",IF(I82="","",IFERROR(VLOOKUP(I82&"|"&IF(LEFT(H82,2)="2H",2,1)&"|"&IF(G82="slashing",1,0),_lookup!$G$3:$H$18,2,FALSE),"")))) | L82: =IF(K82="","",IF(OR(G82="channeling",G82="infusing"),"Magical",IF(G82="blocking","Anti-Physical",IF(G82="warding","Anti-Magical","Physical")))) | O82: =IF(F82<>"armor","","TBD") | P82: =IF(O82="","",IF(OR(G82="channeling",G82="infusing"),"Magical",IF(G82="blocking","Anti-Physical",IF(G82="warding","Anti-Magical","Physical")))) | S82: 9 | T82: Used to craft tier 1 Survival drinks. | U82: Brewers store it in lidded tins. Stormhood stout is poured in garrison halls the night before a march. | X82: mushroom1 | Y82: https://drive.google.com/uc?export=download&id=1_hlpcb5w2sw9jcznaES4gznQO2cwBA-o
A83: IT82 | B83: item_template | C83: tile | D83: forestry | E83: Gossip Clump | F83: goods | G83: material | H83: mushroom | I83: 2 | J83: =IF(G83="","",IFERROR(IF(G83="infusing",IFERROR(LOOKUP(2,1/ISNUMBER(SEARCH(_lookup!$D$3:$D$4,H83)),_lookup!$E$3:$E$4),"INT"),VLOOKUP(G83,_lookup!$A$3:$B$14,2,FALSE)),"")) | K83: =IF(F83<>"weapon","",IF(G83="miscellaneous","1-4",IF(I83="","",IFERROR(VLOOKUP(I83&"|"&IF(LEFT(H83,2)="2H",2,1)&"|"&IF(G83="slashing",1,0),_lookup!$G$3:$H$18,2,FALSE),"")))) | L83: =IF(K83="","",IF(OR(G83="channeling",G83="infusing"),"Magical",IF(G83="blocking","Anti-Physical",IF(G83="warding","Anti-Magical","Physical")))) | O83: =IF(F83<>"armor","","TBD") | P83: =IF(O83="","",IF(OR(G83="channeling",G83="infusing"),"Magical",IF(G83="blocking","Anti-Physical",IF(G83="warding","Anti-Magical","Physical")))) | S83: 36 | T83: Used to craft tier 2 Survival drinks. | U83: Sold whole, never picked apart. Its amber ale is poured only at high tables, in cups small enough to make it last. | X83: mushroom2 | Y83: https://drive.google.com/uc?export=download&id=1o7ThB_-VjHtMUHH4Z-6qZM9jMAT5nnUR
A84: IT83 | B84: item_template | C84: tile | D84: forestry | E84: Redcrown | F84: goods | G84: material | H84: mushroom | I84: 3 | J84: =IF(G84="","",IFERROR(IF(G84="infusing",IFERROR(LOOKUP(2,1/ISNUMBER(SEARCH(_lookup!$D$3:$D$4,H84)),_lookup!$E$3:$E$4),"INT"),VLOOKUP(G84,_lookup!$A$3:$B$14,2,FALSE)),"")) | K84: =IF(F84<>"weapon","",IF(G84="miscellaneous","1-4",IF(I84="","",IFERROR(VLOOKUP(I84&"|"&IF(LEFT(H84,2)="2H",2,1)&"|"&IF(G84="slashing",1,0),_lookup!$G$3:$H$18,2,FALSE),"")))) | L84: =IF(K84="","",IF(OR(G84="channeling",G84="infusing"),"Magical",IF(G84="blocking","Anti-Physical",IF(G84="warding","Anti-Magical","Physical")))) | O84: =IF(F84<>"armor","","TBD") | P84: =IF(O84="","",IF(OR(G84="channeling",G84="infusing"),"Magical",IF(G84="blocking","Anti-Physical",IF(G84="warding","Anti-Magical","Physical")))) | S84: 100 | T84: Used to craft tier 3 Survival drinks. | U84: Every brewhouse tells of the one barrel ever made from a Redcrown. None agree on who drank it, only that they won. | X84: mushroom3 | Y84: https://drive.google.com/uc?export=download&id=1UzSlMwRvm3sUYWvZLV6f1TG3_CqYSZbE
A85: IT84 | B85: item_template | C85: tile | D85: forestry | E85: Ferndye Sap | F85: goods | G85: material | H85: sap | I85: 0 | J85: =IF(G85="","",IFERROR(IF(G85="infusing",IFERROR(LOOKUP(2,1/ISNUMBER(SEARCH(_lookup!$D$3:$D$4,H85)),_lookup!$E$3:$E$4),"INT"),VLOOKUP(G85,_lookup!$A$3:$B$14,2,FALSE)),"")) | K85: =IF(F85<>"weapon","",IF(G85="miscellaneous","1-4",IF(I85="","",IFERROR(VLOOKUP(I85&"|"&IF(LEFT(H85,2)="2H",2,1)&"|"&IF(G85="slashing",1,0),_lookup!$G$3:$H$18,2,FALSE),"")))) | L85: =IF(K85="","",IF(OR(G85="channeling",G85="infusing"),"Magical",IF(G85="blocking","Anti-Physical",IF(G85="warding","Anti-Magical","Physical")))) | O85: =IF(F85<>"armor","","TBD") | P85: =IF(O85="","",IF(OR(G85="channeling",G85="infusing"),"Magical",IF(G85="blocking","Anti-Physical",IF(G85="warding","Anti-Magical","Physical")))) | S85: 3 | T85: Used to craft tier 0 Woodworking oils. | U85: Rendered over a slow fire into the green oil every hunter rubs into their bowstring before the season opens. | X85: sap0 | Y85: https://drive.google.com/uc?export=download&id=1ksI3hdqpaGGZSbmOQ6ujxIoC8bDqjJ30
A86: IT85 | B86: item_template | C86: tile | D86: forestry | E86: Coldtear Sap | F86: goods | G86: material | H86: sap | I86: 1 | J86: =IF(G86="","",IFERROR(IF(G86="infusing",IFERROR(LOOKUP(2,1/ISNUMBER(SEARCH(_lookup!$D$3:$D$4,H86)),_lookup!$E$3:$E$4),"INT"),VLOOKUP(G86,_lookup!$A$3:$B$14,2,FALSE)),"")) | K86: =IF(F86<>"weapon","",IF(G86="miscellaneous","1-4",IF(I86="","",IFERROR(VLOOKUP(I86&"|"&IF(LEFT(H86,2)="2H",2,1)&"|"&IF(G86="slashing",1,0),_lookup!$G$3:$H$18,2,FALSE),"")))) | L86: =IF(K86="","",IF(OR(G86="channeling",G86="infusing"),"Magical",IF(G86="blocking","Anti-Physical",IF(G86="warding","Anti-Magical","Physical")))) | O86: =IF(F86<>"armor","","TBD") | P86: =IF(O86="","",IF(OR(G86="channeling",G86="infusing"),"Magical",IF(G86="blocking","Anti-Physical",IF(G86="warding","Anti-Magical","Physical")))) | S86: 9 | T86: Used to craft tier 1 Woodworking oils. | U86: Coldtear oil keeps a staff's charge from bleeding off in the rain. Every company quartermaster counts the flasks twice. | X86: sap1 | Y86: https://drive.google.com/uc?export=download&id=1U6VH4np5oBsbctXDMhOJPRzu6iEtYRns
A87: IT86 | B87: item_template | C87: tile | D87: forestry | E87: Deepglow Sap | F87: goods | G87: material | H87: sap | I87: 2 | J87: =IF(G87="","",IFERROR(IF(G87="infusing",IFERROR(LOOKUP(2,1/ISNUMBER(SEARCH(_lookup!$D$3:$D$4,H87)),_lookup!$E$3:$E$4),"INT"),VLOOKUP(G87,_lookup!$A$3:$B$14,2,FALSE)),"")) | K87: =IF(F87<>"weapon","",IF(G87="miscellaneous","1-4",IF(I87="","",IFERROR(VLOOKUP(I87&"|"&IF(LEFT(H87,2)="2H",2,1)&"|"&IF(G87="slashing",1,0),_lookup!$G$3:$H$18,2,FALSE),"")))) | L87: =IF(K87="","",IF(OR(G87="channeling",G87="infusing"),"Magical",IF(G87="blocking","Anti-Physical",IF(G87="warding","Anti-Magical","Physical")))) | O87: =IF(F87<>"armor","","TBD") | P87: =IF(O87="","",IF(OR(G87="channeling",G87="infusing"),"Magical",IF(G87="blocking","Anti-Physical",IF(G87="warding","Anti-Magical","Physical")))) | S87: 36 | T87: Used to craft tier 2 Woodworking oils. | U87: Gathered by moonlight, a drop at a time. Its oil makes a staff hum loud enough to keep the bearer awake. | X87: sap2 | Y87: https://drive.google.com/uc?export=download&id=1Dy0Sl7sz5aWU5XzuWqGibhcEmV_YyjSs
A88: IT87 | B88: item_template | C88: tile | D88: forestry | E88: Madderblood Sap | F88: goods | G88: material | H88: sap | I88: 3 | J88: =IF(G88="","",IFERROR(IF(G88="infusing",IFERROR(LOOKUP(2,1/ISNUMBER(SEARCH(_lookup!$D$3:$D$4,H88)),_lookup!$E$3:$E$4),"INT"),VLOOKUP(G88,_lookup!$A$3:$B$14,2,FALSE)),"")) | K88: =IF(F88<>"weapon","",IF(G88="miscellaneous","1-4",IF(I88="","",IFERROR(VLOOKUP(I88&"|"&IF(LEFT(H88,2)="2H",2,1)&"|"&IF(G88="slashing",1,0),_lookup!$G$3:$H$18,2,FALSE),"")))) | L88: =IF(K88="","",IF(OR(G88="channeling",G88="infusing"),"Magical",IF(G88="blocking","Anti-Physical",IF(G88="warding","Anti-Magical","Physical")))) | O88: =IF(F88<>"armor","","TBD") | P88: =IF(O88="","",IF(OR(G88="channeling",G88="infusing"),"Magical",IF(G88="blocking","Anti-Physical",IF(G88="warding","Anti-Magical","Physical")))) | S88: 100 | T88: Used to craft tier 3 Woodworking oils. | U88: It weeps from one tree in a generation. A single flask of its oil once set a whole river's mist alight. | X88: sap3 | Y88: https://drive.google.com/uc?export=download&id=1dZAtlu3qqwiR3e6LKtrJWxjiLdMw7t4Q
A89: IT88 | B89: item_template | C89: tile | D89: forestry | E89: Hedgewood | F89: goods | G89: material | H89: wood | I89: 0 | J89: =IF(G89="","",IFERROR(IF(G89="infusing",IFERROR(LOOKUP(2,1/ISNUMBER(SEARCH(_lookup!$D$3:$D$4,H89)),_lookup!$E$3:$E$4),"INT"),VLOOKUP(G89,_lookup!$A$3:$B$14,2,FALSE)),"")) | K89: =IF(F89<>"weapon","",IF(G89="miscellaneous","1-4",IF(I89="","",IFERROR(VLOOKUP(I89&"|"&IF(LEFT(H89,2)="2H",2,1)&"|"&IF(G89="slashing",1,0),_lookup!$G$3:$H$18,2,FALSE),"")))) | L89: =IF(K89="","",IF(OR(G89="channeling",G89="infusing"),"Magical",IF(G89="blocking","Anti-Physical",IF(G89="warding","Anti-Magical","Physical")))) | O89: =IF(F89<>"armor","","TBD") | P89: =IF(O89="","",IF(OR(G89="channeling",G89="infusing"),"Magical",IF(G89="blocking","Anti-Physical",IF(G89="warding","Anti-Magical","Physical")))) | S89: 3 | T89: Used to craft tier 0 Woodworking bows and staves. | U89: Straight and forgiving. Most first bows are cut from hedgewood, and most survive their owner's mistakes. | X89: wood0 | Y89: https://drive.google.com/uc?export=download&id=1HS8JjBf8q8PjZCBHnWaQfCg1_weDEYGL
A90: IT89 | B90: item_template | C90: tile | D90: forestry | E90: Primewood | F90: goods | G90: material | H90: wood | I90: 1 | J90: =IF(G90="","",IFERROR(IF(G90="infusing",IFERROR(LOOKUP(2,1/ISNUMBER(SEARCH(_lookup!$D$3:$D$4,H90)),_lookup!$E$3:$E$4),"INT"),VLOOKUP(G90,_lookup!$A$3:$B$14,2,FALSE)),"")) | K90: =IF(F90<>"weapon","",IF(G90="miscellaneous","1-4",IF(I90="","",IFERROR(VLOOKUP(I90&"|"&IF(LEFT(H90,2)="2H",2,1)&"|"&IF(G90="slashing",1,0),_lookup!$G$3:$H$18,2,FALSE),"")))) | L90: =IF(K90="","",IF(OR(G90="channeling",G90="infusing"),"Magical",IF(G90="blocking","Anti-Physical",IF(G90="warding","Anti-Magical","Physical")))) | O90: =IF(F90<>"armor","","TBD") | P90: =IF(O90="","",IF(OR(G90="channeling",G90="infusing"),"Magical",IF(G90="blocking","Anti-Physical",IF(G90="warding","Anti-Magical","Physical")))) | S90: 9 | T90: Used to craft tier 1 Woodworking bows and staves. | U90: Grown above the snowline, with the cold still in the grain. A primewood staff stays cool in the hand through a long volley. | X90: wood1 | Y90: https://drive.google.com/uc?export=download&id=1e1oieVOQhyjOQVqsAeVujPO4KX55JVc9
A91: IT90 | B91: item_template | C91: tile | D91: forestry | E91: Nightgrain | F91: goods | G91: material | H91: wood | I91: 2 | J91: =IF(G91="","",IFERROR(IF(G91="infusing",IFERROR(LOOKUP(2,1/ISNUMBER(SEARCH(_lookup!$D$3:$D$4,H91)),_lookup!$E$3:$E$4),"INT"),VLOOKUP(G91,_lookup!$A$3:$B$14,2,FALSE)),"")) | K91: =IF(F91<>"weapon","",IF(G91="miscellaneous","1-4",IF(I91="","",IFERROR(VLOOKUP(I91&"|"&IF(LEFT(H91,2)="2H",2,1)&"|"&IF(G91="slashing",1,0),_lookup!$G$3:$H$18,2,FALSE),"")))) | L91: =IF(K91="","",IF(OR(G91="channeling",G91="infusing"),"Magical",IF(G91="blocking","Anti-Physical",IF(G91="warding","Anti-Magical","Physical")))) | O91: =IF(F91<>"armor","","TBD") | P91: =IF(O91="","",IF(OR(G91="channeling",G91="infusing"),"Magical",IF(G91="blocking","Anti-Physical",IF(G91="warding","Anti-Magical","Physical")))) | S91: 36 | T91: Used to craft tier 2 Woodworking bows and staves. | U91: Its rings run dark as dusk and faintly warm. Elite archers swear a gloomwood bow draws itself the last inch. | X91: wood2 | Y91: https://drive.google.com/uc?export=download&id=126hBghKT11yb27xIbtb5EXfoK5RoxuCz
A92: IT91 | B92: item_template | C92: tile | D92: forestry | E92: Emberbark | F92: goods | G92: material | H92: wood | I92: 3 | J92: =IF(G92="","",IFERROR(IF(G92="infusing",IFERROR(LOOKUP(2,1/ISNUMBER(SEARCH(_lookup!$D$3:$D$4,H92)),_lookup!$E$3:$E$4),"INT"),VLOOKUP(G92,_lookup!$A$3:$B$14,2,FALSE)),"")) | K92: =IF(F92<>"weapon","",IF(G92="miscellaneous","1-4",IF(I92="","",IFERROR(VLOOKUP(I92&"|"&IF(LEFT(H92,2)="2H",2,1)&"|"&IF(G92="slashing",1,0),_lookup!$G$3:$H$18,2,FALSE),"")))) | L92: =IF(K92="","",IF(OR(G92="channeling",G92="infusing"),"Magical",IF(G92="blocking","Anti-Physical",IF(G92="warding","Anti-Magical","Physical")))) | O92: =IF(F92<>"armor","","TBD") | P92: =IF(O92="","",IF(OR(G92="channeling",G92="infusing"),"Magical",IF(G92="blocking","Anti-Physical",IF(G92="warding","Anti-Magical","Physical")))) | S92: 100 | T92: Used to craft tier 3 Woodworking bows and staves. | U92: Cut once, from a tree that never stopped smoldering. The staff carved from its heart still glows above the throne. | X92: wood3 | Y92: https://drive.google.com/uc?export=download&id=1YcMVI2orWydsSY0Y6lIseuVhwq5yVe4N
... A111: IT110 | B111: item_template | C111: tile | D111: hunting | E111: Wyrmipede Mignon | F111: goods | G111: material | H111: meat | I111: 3 | J111: =IF(G111="","",IFERROR(IF(G111="infusing",IFERROR(LOOKUP(2,1/ISNUMBER(SEARCH(_lookup!$D$3:$D$4,H111)),_lookup!$E$3:$E$4),"INT"),VLOOKUP(G111,_lookup!$A$3:$B$14,2,FALSE)),"")) | K111: =IF(F111<>"weapon","",IF(G111="miscellaneous","1-4",IF(I111="","",IFERROR(VLOOKUP(I111&"|"&IF(LEFT(H111,2)="2H",2,1)&"|"&IF(G111="slashing",1,0),_lookup!$G$3:$H$18,2,FALSE),"")))) | L111: =IF(K111="","",IF(OR(G111="channeling",G111="infusing"),"Magical",IF(G111="blocking","Anti-Physical",IF(G111="warding","Anti-Magical","Physical")))) | O111: =IF(F111<>"armor","","TBD") | P111: =IF(O111="","",IF(OR(G111="channeling",G111="infusing"),"Magical",IF(G111="blocking","Anti-Physical",IF(G111="warding","Anti-Magical","Physical")))) | S111: 100 | T111: Used to craft tier 3 Survival foods. | U111: One cut from a beast with a thousand legs and a hundred names. Eat it slowly. There will never be another. | X111: meat3 | Y111: https://drive.google.com/uc?export=download&id=18jj8dCxllBa1jE87OiG23gMJSw6aGUsz
A112: IT111 | B112: item_template | C112: tile | D112: wood | E112: Ferndye Oil | F112: consumable | G112: augment | I112: 0 | J112: =IF(G112="","",IFERROR(IF(G112="infusing",IFERROR(LOOKUP(2,1/ISNUMBER(SEARCH(_lookup!$D$3:$D$4,H112)),_lookup!$E$3:$E$4),"INT"),VLOOKUP(G112,_lookup!$A$3:$B$14,2,FALSE)),"")) | K112: =IF(F112<>"weapon","",IF(G112="miscellaneous","1-4",IF(I112="","",IFERROR(VLOOKUP(I112&"|"&IF(LEFT(H112,2)="2H",2,1)&"|"&IF(G112="slashing",1,0),_lookup!$G$3:$H$18,2,FALSE),"")))) | L112: =IF(K112="","",IF(OR(G112="channeling",G112="infusing"),"Magical",IF(G112="blocking","Anti-Physical",IF(G112="warding","Anti-Magical","Physical")))) | O112: =IF(F112<>"armor","","TBD") | P112: =IF(O112="","",IF(OR(G112="channeling",G112="infusing"),"Magical",IF(G112="blocking","Anti-Physical",IF(G112="warding","Anti-Magical","Physical")))) | S112: 4 | T112: Used to augment tier 0 Projectile and Channeling weapons. | U112: Green and sticky and smelling of cut fern. Every hunter keeps a tin of it, and every hunter has rubbed it into a string in the dark by feel alone. | Y112: https://drive.google.com/uc?export=download&id=1HAji_Zf7tSkPVlV6ACHmTX_OSzVIf2ww
A113: IT112 | B113: item_template | C113: tile | D113: wood | E113: Coldtear Oil | F113: consumable | G113: augment | I113: 1 | J113: =IF(G113="","",IFERROR(IF(G113="infusing",IFERROR(LOOKUP(2,1/ISNUMBER(SEARCH(_lookup!$D$3:$D$4,H113)),_lookup!$E$3:$E$4),"INT"),VLOOKUP(G113,_lookup!$A$3:$B$14,2,FALSE)),"")) | K113: =IF(F113<>"weapon","",IF(G113="miscellaneous","1-4",IF(I113="","",IFERROR(VLOOKUP(I113&"|"&IF(LEFT(H113,2)="2H",2,1)&"|"&IF(G113="slashing",1,0),_lookup!$G$3:$H$18,2,FALSE),"")))) | L113: =IF(K113="","",IF(OR(G113="channeling",G113="infusing"),"Magical",IF(G113="blocking","Anti-Physical",IF(G113="warding","Anti-Magical","Physical")))) | O113: =IF(F113<>"armor","","TBD") | P113: =IF(O113="","",IF(OR(G113="channeling",G113="infusing"),"Magical",IF(G113="blocking","Anti-Physical",IF(G113="warding","Anti-Magical","Physical")))) | S113: 11 | T113: Used to augment tier 0 or 1 Projectile and Channeling weapons. | U113: Rendered down until it runs blue in the light. A quartermaster who lets the company run out of it hears about the first wet morning for the rest of the season. | Y113: https://drive.google.com/uc?export=download&id=1wYM4wNIKJnsusvJrENlrr1z-ZiaSQo8I
A114: IT113 | B114: item_template | C114: tile | D114: wood | E114: Deepglow Oil | F114: consumable | G114: augment | I114: 2 | J114: =IF(G114="","",IFERROR(IF(G114="infusing",IFERROR(LOOKUP(2,1/ISNUMBER(SEARCH(_lookup!$D$3:$D$4,H114)),_lookup!$E$3:$E$4),"INT"),VLOOKUP(G114,_lookup!$A$3:$B$14,2,FALSE)),"")) | K114: =IF(F114<>"weapon","",IF(G114="miscellaneous","1-4",IF(I114="","",IFERROR(VLOOKUP(I114&"|"&IF(LEFT(H114,2)="2H",2,1)&"|"&IF(G114="slashing",1,0),_lookup!$G$3:$H$18,2,FALSE),"")))) | L114: =IF(K114="","",IF(OR(G114="channeling",G114="infusing"),"Magical",IF(G114="blocking","Anti-Physical",IF(G114="warding","Anti-Magical","Physical")))) | O114: =IF(F114<>"armor","","TBD") | P114: =IF(O114="","",IF(OR(G114="channeling",G114="infusing"),"Magical",IF(G114="blocking","Anti-Physical",IF(G114="warding","Anti-Magical","Physical")))) | S114: 43 | T114: Used to augment tier 0, 1, or 2 Projectile and Channeling weapons. | U114: Gathered by moonlight a drop at a time, and worth every hour of it. A staff dressed with this carries further than its length has any right to. | Y114: https://drive.google.com/uc?export=download&id=1bOu0KhO_oVGuEfiODJZ-of_ZqrUV_Pq9
A115: IT114 | B115: item_template | C115: tile | D115: wood | E115: Madderblood Oil | F115: consumable | G115: augment | I115: 3 | J115: =IF(G115="","",IFERROR(IF(G115="infusing",IFERROR(LOOKUP(2,1/ISNUMBER(SEARCH(_lookup!$D$3:$D$4,H115)),_lookup!$E$3:$E$4),"INT"),VLOOKUP(G115,_lookup!$A$3:$B$14,2,FALSE)),"")) | K115: =IF(F115<>"weapon","",IF(G115="miscellaneous","1-4",IF(I115="","",IFERROR(VLOOKUP(I115&"|"&IF(LEFT(H115,2)="2H",2,1)&"|"&IF(G115="slashing",1,0),_lookup!$G$3:$H$18,2,FALSE),"")))) | L115: =IF(K115="","",IF(OR(G115="channeling",G115="infusing"),"Magical",IF(G115="blocking","Anti-Physical",IF(G115="warding","Anti-Magical","Physical")))) | O115: =IF(F115<>"armor","","TBD") | P115: =IF(O115="","",IF(OR(G115="channeling",G115="infusing"),"Magical",IF(G115="blocking","Anti-Physical",IF(G115="warding","Anti-Magical","Physical")))) | S115: 120 | T115: Used to augment tier 0, 1, 2, or 3 Projectile and Channeling weapons. | U115: Dark as old blood and twice as dear. One flask is a season's wages, and the animals who can afford it do not ask the price. | Y115: https://drive.google.com/uc?export=download&id=11LDIEsC0_gAXzjIG4IdFhhTjL3D4GQpP
A116: IT115 | B116: item_template | C116: tile | D116: wood | E116: Hedgewood Latchbow | F116: weapon | G116: projectile | H116: 1H Crossbow | I116: 0 | J116: =IF(G116="","",IFERROR(IF(G116="infusing",IFERROR(LOOKUP(2,1/ISNUMBER(SEARCH(_lookup!$D$3:$D$4,H116)),_lookup!$E$3:$E$4),"INT"),VLOOKUP(G116,_lookup!$A$3:$B$14,2,FALSE)),"")) | K116: =IF(F116<>"weapon","",IF(G116="miscellaneous","1-4",IF(I116="","",IFERROR(VLOOKUP(I116&"|"&IF(LEFT(H116,2)="2H",2,1)&"|"&IF(G116="slashing",1,0),_lookup!$G$3:$H$18,2,FALSE),"")))) | L116: =IF(K116="","",IF(OR(G116="channeling",G116="infusing"),"Magical",IF(G116="blocking","Anti-Physical",IF(G116="warding","Anti-Magical","Physical")))) | O116: =IF(F116<>"armor","","TBD") | P116: =IF(O116="","",IF(OR(G116="channeling",G116="infusing"),"Magical",IF(G116="blocking","Anti-Physical",IF(G116="warding","Anti-Magical","Physical")))) | S116: 12 | T116: Ranged (attacks using this can target any Zone). | U116: A hedgewood stock with a latch filed out of a horseshoe nail. It shoots true enough at twenty paces and has armed more first seasons than anything else in the Woodland. | X116: dmg:1-6|Physical|projectile | Y116: https://drive.google.com/uc?export=download&id=1Hp88JbWLMH3GxjtysjcopQKZ01UzRdPM
A117: IT116 | B117: item_template | C117: tile | D117: wood | E117: Lighter Wand | F117: weapon | G117: channeling | H117: 1H Wand | I117: 0 | J117: =IF(G117="","",IFERROR(IF(G117="infusing",IFERROR(LOOKUP(2,1/ISNUMBER(SEARCH(_lookup!$D$3:$D$4,H117)),_lookup!$E$3:$E$4),"INT"),VLOOKUP(G117,_lookup!$A$3:$B$14,2,FALSE)),"")) | K117: =IF(F117<>"weapon","",IF(G117="miscellaneous","1-4",IF(I117="","",IFERROR(VLOOKUP(I117&"|"&IF(LEFT(H117,2)="2H",2,1)&"|"&IF(G117="slashing",1,0),_lookup!$G$3:$H$18,2,FALSE),"")))) | L117: =IF(K117="","",IF(OR(G117="channeling",G117="infusing"),"Magical",IF(G117="blocking","Anti-Physical",IF(G117="warding","Anti-Magical","Physical")))) | O117: =IF(F117<>"armor","","TBD") | P117: =IF(O117="","",IF(OR(G117="channeling",G117="infusing"),"Magical",IF(G117="blocking","Anti-Physical",IF(G117="warding","Anti-Magical","Physical")))) | S117: 12 | T117: Ranged (attacks using this can target any Zone). | U117: A small, green power source set in a hedgewood grip, the kind a village craftsman cuts for a promising apprentice. It sparks more than it strikes, but it does strike. | X117: dmg:1-6|Magical|channeling | Y117: https://drive.google.com/uc?export=download&id=1GqVyAUCzIA9hP63aCgNyHe8Rer4j0INk
A118: IT117 | B118: item_template | C118: tile | D118: wood | E118: Hedgewood Longbow | F118: weapon | G118: projectile | H118: 2H Bow | I118: 0 | J118: =IF(G118="","",IFERROR(IF(G118="infusing",IFERROR(LOOKUP(2,1/ISNUMBER(SEARCH(_lookup!$D$3:$D$4,H118)),_lookup!$E$3:$E$4),"INT"),VLOOKUP(G118,_lookup!$A$3:$B$14,2,FALSE)),"")) | K118: =IF(F118<>"weapon","",IF(G118="miscellaneous","1-4",IF(I118="","",IFERROR(VLOOKUP(I118&"|"&IF(LEFT(H118,2)="2H",2,1)&"|"&IF(G118="slashing",1,0),_lookup!$G$3:$H$18,2,FALSE),"")))) | L118: =IF(K118="","",IF(OR(G118="channeling",G118="infusing"),"Magical",IF(G118="blocking","Anti-Physical",IF(G118="warding","Anti-Magical","Physical")))) | O118: =IF(F118<>"armor","","TBD") | P118: =IF(O118="","",IF(OR(G118="channeling",G118="infusing"),"Magical",IF(G118="blocking","Anti-Physical",IF(G118="warding","Anti-Magical","Physical")))) | S118: 16 | T118: Ranged (attacks using this can target any Zone). | U118: Cut straight from the coppice stools and tillered by eye. Most first bows are hedgewood, and most of them outlast the animal who learned on them. | X118: dmg:2-12|Physical|projectile | Y118: https://drive.google.com/uc?export=download&id=1NG8O3-DsAw7Ux-T2HgjRyiIBs9p5coZ-
A119: IT118 | B119: item_template | C119: tile | D119: wood | E119: Lighter Staff | F119: weapon | G119: channeling | H119: 2H Staff | I119: 0 | J119: =IF(G119="","",IFERROR(IF(G119="infusing",IFERROR(LOOKUP(2,1/ISNUMBER(SEARCH(_lookup!$D$3:$D$4,H119)),_lookup!$E$3:$E$4),"INT"),VLOOKUP(G119,_lookup!$A$3:$B$14,2,FALSE)),"")) | K119: =IF(F119<>"weapon","",IF(G119="miscellaneous","1-4",IF(I119="","",IFERROR(VLOOKUP(I119&"|"&IF(LEFT(H119,2)="2H",2,1)&"|"&IF(G119="slashing",1,0),_lookup!$G$3:$H$18,2,FALSE),"")))) | L119: =IF(K119="","",IF(OR(G119="channeling",G119="infusing"),"Magical",IF(G119="blocking","Anti-Physical",IF(G119="warding","Anti-Magical","Physical")))) | O119: =IF(F119<>"armor","","TBD") | P119: =IF(O119="","",IF(OR(G119="channeling",G119="infusing"),"Magical",IF(G119="blocking","Anti-Physical",IF(G119="warding","Anti-Magical","Physical")))) | S119: 16 | T119: Ranged (attacks using this can target any Zone). | U119: Hedgewood, crowned with green energy and nothing finer. It holds a charge about as long as a held breath, which is usually long enough. | X119: dmg:2-12|Magical|channeling | Y119: https://drive.google.com/uc?export=download&id=1RqSwv6ddFNQRgiKlgChWKOunYiLB5YKm
A120: IT119 | B120: item_template | C120: tile | D120: wood | E120: Primewood Latchbow | F120: weapon | G120: projectile | H120: 1H Crossbow | I120: 1 | J120: =IF(G120="","",IFERROR(IF(G120="infusing",IFERROR(LOOKUP(2,1/ISNUMBER(SEARCH(_lookup!$D$3:$D$4,H120)),_lookup!$E$3:$E$4),"INT"),VLOOKUP(G120,_lookup!$A$3:$B$14,2,FALSE)),"")) | K120: =IF(F120<>"weapon","",IF(G120="miscellaneous","1-4",IF(I120="","",IFERROR(VLOOKUP(I120&"|"&IF(LEFT(H120,2)="2H",2,1)&"|"&IF(G120="slashing",1,0),_lookup!$G$3:$H$18,2,FALSE),"")))) | L120: =IF(K120="","",IF(OR(G120="channeling",G120="infusing"),"Magical",IF(G120="blocking","Anti-Physical",IF(G120="warding","Anti-Magical","Physical")))) | O120: =IF(F120<>"armor","","TBD") | P120: =IF(O120="","",IF(OR(G120="channeling",G120="infusing"),"Magical",IF(G120="blocking","Anti-Physical",IF(G120="warding","Anti-Magical","Physical")))) | S120: 36 | T120: Ranged (attacks using this can target any Zone). | U120: Primewood stock with sap still in the grain, issued by the armful to animals who will carry it through a winter campaign. The latch never swells. | X120: dmg:3-9|Physical|projectile | Y120: https://drive.google.com/uc?export=download&id=1xS1f5J5pxX1Xj2T0I9WHT5maP3UpUuhI
...

Sheet skills
A1: item_id | B1: template | C1: tts_type | D1: set | E1: name | F1: type | G1: subtype | H1: subsubtype | I1: tier | J1: stat | K1: damage_range | L1: damage_type | M1: damage_range2 | N1: damage_type2 | O1: armor_range | P1: armor_type | Q1: armor_range2 | R1: armor_type2 | S1: base_gold | T1: effect | U1: flavor | V1: cooldown | W1: uses | X1: gmnotes | Y1: image_front | Z1: image_back
A2: SK1 | B2: item_template | C2: tile | D2: skills | E2: Novice Armorsmithing | F2: skill | G2: profession | H2: crafting | I2: 0 | J2: =IF(G2="","",IFERROR(IF(G2="infusing",IFERROR(LOOKUP(2,1/ISNUMBER(SEARCH(_lookup!$D$3:$D$4,H2)),_lookup!$E$3:$E$4),"INT"),VLOOKUP(G2,_lookup!$A$3:$B$14,2,FALSE)),"")) | K2: =IF(F2<>"weapon","",IF(G2="miscellaneous","1-4",IF(I2="","",IFERROR(VLOOKUP(I2&"|"&IF(LEFT(H2,2)="2H",2,1)&"|"&IF(G2="slashing",1,0),_lookup!$G$3:$H$18,2,FALSE),"")))) | L2: =IF(K2="","",IF(OR(G2="channeling",G2="infusing"),"Magical",IF(G2="blocking","Anti-Physical",IF(G2="warding","Anti-Magical","Physical")))) | O2: =IF(F2<>"armor","","TBD") | P2: =IF(O2="","",IF(OR(G2="channeling",G2="infusing"),"Magical",IF(G2="blocking","Anti-Physical",IF(G2="warding","Anti-Magical","Physical")))) | S2: 24 | T2: Turns ore into tier-specific heavy armor and blocking weapons. | U2: You can beat a plate flat and rivet it to a strap. It will turn a claw, mostly, and the straps will hold for a season. | Y2: https://drive.google.com/uc?export=download&id=19fHlCGroOvRb89QfIU7LrQrB90peJuqj
A3: SK2 | B3: item_template | C3: tile | D3: skills | E3: Journeyman Armorsmithing | F3: skill | G3: profession | H3: crafting | I3: 1 | J3: =IF(G3="","",IFERROR(IF(G3="infusing",IFERROR(LOOKUP(2,1/ISNUMBER(SEARCH(_lookup!$D$3:$D$4,H3)),_lookup!$E$3:$E$4),"INT"),VLOOKUP(G3,_lookup!$A$3:$B$14,2,FALSE)),"")) | K3: =IF(F3<>"weapon","",IF(G3="miscellaneous","1-4",IF(I3="","",IFERROR(VLOOKUP(I3&"|"&IF(LEFT(H3,2)="2H",2,1)&"|"&IF(G3="slashing",1,0),_lookup!$G$3:$H$18,2,FALSE),"")))) | L3: =IF(K3="","",IF(OR(G3="channeling",G3="infusing"),"Magical",IF(G3="blocking","Anti-Physical",IF(G3="warding","Anti-Magical","Physical")))) | O3: =IF(F3<>"armor","","TBD") | P3: =IF(O3="","",IF(OR(G3="channeling",G3="infusing"),"Magical",IF(G3="blocking","Anti-Physical",IF(G3="warding","Anti-Magical","Physical")))) | S3: 72 | T3: Turns ore into tier-specific heavy armor and blocking weapons. | U3: You have learned where armor actually fails: the gaps, the hinges, the places a blow travels through. Yours fail there less often. | Y3: https://drive.google.com/uc?export=download&id=19fHlCGroOvRb89QfIU7LrQrB90peJuqj
A4: SK3 | B4: item_template | C4: tile | D4: skills | E4: Artisan Armorsmithing | F4: skill | G4: profession | H4: crafting | I4: 2 | J4: =IF(G4="","",IFERROR(IF(G4="infusing",IFERROR(LOOKUP(2,1/ISNUMBER(SEARCH(_lookup!$D$3:$D$4,H4)),_lookup!$E$3:$E$4),"INT"),VLOOKUP(G4,_lookup!$A$3:$B$14,2,FALSE)),"")) | K4: =IF(F4<>"weapon","",IF(G4="miscellaneous","1-4",IF(I4="","",IFERROR(VLOOKUP(I4&"|"&IF(LEFT(H4,2)="2H",2,1)&"|"&IF(G4="slashing",1,0),_lookup!$G$3:$H$18,2,FALSE),"")))) | L4: =IF(K4="","",IF(OR(G4="channeling",G4="infusing"),"Magical",IF(G4="blocking","Anti-Physical",IF(G4="warding","Anti-Magical","Physical")))) | O4: =IF(F4<>"armor","","TBD") | P4: =IF(O4="","",IF(OR(G4="channeling",G4="infusing"),"Magical",IF(G4="blocking","Anti-Physical",IF(G4="warding","Anti-Magical","Physical")))) | S4: 288 | T4: Turns ore into tier-specific heavy armor and blocking weapons. | U4: Your plate is shaped to the body that will wear it, and the joints move as the wearer does. Soldiers ask for you by name. | Y4: https://drive.google.com/uc?export=download&id=19fHlCGroOvRb89QfIU7LrQrB90peJuqj
A5: SK4 | B5: item_template | C5: tile | D5: skills | E5: Master Armorsmithing | F5: skill | G5: profession | H5: crafting | I5: 3 | J5: =IF(G5="","",IFERROR(IF(G5="infusing",IFERROR(LOOKUP(2,1/ISNUMBER(SEARCH(_lookup!$D$3:$D$4,H5)),_lookup!$E$3:$E$4),"INT"),VLOOKUP(G5,_lookup!$A$3:$B$14,2,FALSE)),"")) | K5: =IF(F5<>"weapon","",IF(G5="miscellaneous","1-4",IF(I5="","",IFERROR(VLOOKUP(I5&"|"&IF(LEFT(H5,2)="2H",2,1)&"|"&IF(G5="slashing",1,0),_lookup!$G$3:$H$18,2,FALSE),"")))) | L5: =IF(K5="","",IF(OR(G5="channeling",G5="infusing"),"Magical",IF(G5="blocking","Anti-Physical",IF(G5="warding","Anti-Magical","Physical")))) | O5: =IF(F5<>"armor","","TBD") | P5: =IF(O5="","",IF(OR(G5="channeling",G5="infusing"),"Magical",IF(G5="blocking","Anti-Physical",IF(G5="warding","Anti-Magical","Physical")))) | S5: 800 | T5: Turns ore into tier-specific heavy armor and blocking weapons. | U5: You work the hard ores others set aside, and what comes off your bench is handed down rather than replaced. Few smiths in the Woodland can match it. | Y5: https://drive.google.com/uc?export=download&id=19fHlCGroOvRb89QfIU7LrQrB90peJuqj
A6: SK5 | B6: item_template | C6: tile | D6: skills | E6: Novice Attuning | F6: skill | G6: profession | H6: crafting | I6: 0 | J6: =IF(G6="","",IFERROR(IF(G6="infusing",IFERROR(LOOKUP(2,1/ISNUMBER(SEARCH(_lookup!$D$3:$D$4,H6)),_lookup!$E$3:$E$4),"INT"),VLOOKUP(G6,_lookup!$A$3:$B$14,2,FALSE)),"")) | K6: =IF(F6<>"weapon","",IF(G6="miscellaneous","1-4",IF(I6="","",IFERROR(VLOOKUP(I6&"|"&IF(LEFT(H6,2)="2H",2,1)&"|"&IF(G6="slashing",1,0),_lookup!$G$3:$H$18,2,FALSE),"")))) | L6: =IF(K6="","",IF(OR(G6="channeling",G6="infusing"),"Magical",IF(G6="blocking","Anti-Physical",IF(G6="warding","Anti-Magical","Physical")))) | O6: =IF(F6<>"armor","","TBD") | P6: =IF(O6="","",IF(OR(G6="channeling",G6="infusing"),"Magical",IF(G6="blocking","Anti-Physical",IF(G6="warding","Anti-Magical","Physical")))) | S6: 24 | T6: Turns fiber and seeds into tier-specific infusions and spell-dust. | U6: You can extract just enough magic from the flora's fibers to hold an infusion. When held, its light is faint and the binding loose, but it is yours. | Y6: https://drive.google.com/uc?export=download&id=1H-H68vYBLXccnjOnVscyZiHF4LvNpLU9
A7: SK6 | B7: item_template | C7: tile | D7: skills | E7: Journeyman Attuning | F7: skill | G7: profession | H7: crafting | I7: 1 | J7: =IF(G7="","",IFERROR(IF(G7="infusing",IFERROR(LOOKUP(2,1/ISNUMBER(SEARCH(_lookup!$D$3:$D$4,H7)),_lookup!$E$3:$E$4),"INT"),VLOOKUP(G7,_lookup!$A$3:$B$14,2,FALSE)),"")) | K7: =IF(F7<>"weapon","",IF(G7="miscellaneous","1-4",IF(I7="","",IFERROR(VLOOKUP(I7&"|"&IF(LEFT(H7,2)="2H",2,1)&"|"&IF(G7="slashing",1,0),_lookup!$G$3:$H$18,2,FALSE),"")))) | L7: =IF(K7="","",IF(OR(G7="channeling",G7="infusing"),"Magical",IF(G7="blocking","Anti-Physical",IF(G7="warding","Anti-Magical","Physical")))) | O7: =IF(F7<>"armor","","TBD") | P7: =IF(O7="","",IF(OR(G7="channeling",G7="infusing"),"Magical",IF(G7="blocking","Anti-Physical",IF(G7="warding","Anti-Magical","Physical")))) | S7: 72 | T7: Turns fiber and seeds into tier-specific infusions and spell-dust. | U7: The fiber no longer fights you. You can hold a charge steady long enough to shape it into something a wielder will actually trust. | Y7: https://drive.google.com/uc?export=download&id=1H-H68vYBLXccnjOnVscyZiHF4LvNpLU9
A8: SK7 | B8: item_template | C8: tile | D8: skills | E8: Artisan Attuning | F8: skill | G8: profession | H8: crafting | I8: 2 | J8: =IF(G8="","",IFERROR(IF(G8="infusing",IFERROR(LOOKUP(2,1/ISNUMBER(SEARCH(_lookup!$D$3:$D$4,H8)),_lookup!$E$3:$E$4),"INT"),VLOOKUP(G8,_lookup!$A$3:$B$14,2,FALSE)),"")) | K8: =IF(F8<>"weapon","",IF(G8="miscellaneous","1-4",IF(I8="","",IFERROR(VLOOKUP(I8&"|"&IF(LEFT(H8,2)="2H",2,1)&"|"&IF(G8="slashing",1,0),_lookup!$G$3:$H$18,2,FALSE),"")))) | L8: =IF(K8="","",IF(OR(G8="channeling",G8="infusing"),"Magical",IF(G8="blocking","Anti-Physical",IF(G8="warding","Anti-Magical","Physical")))) | O8: =IF(F8<>"armor","","TBD") | P8: =IF(O8="","",IF(OR(G8="channeling",G8="infusing"),"Magical",IF(G8="blocking","Anti-Physical",IF(G8="warding","Anti-Magical","Physical")))) | S8: 288 | T8: Turns fiber and seeds into tier-specific infusions and spell-dust. | U8: You can concentrate magic that would burn out in another's paws, and your infusions keep their edge long after the making. | Y8: https://drive.google.com/uc?export=download&id=1H-H68vYBLXccnjOnVscyZiHF4LvNpLU9
A9: SK8 | B9: item_template | C9: tile | D9: skills | E9: Master Attuning | F9: skill | G9: profession | H9: crafting | I9: 3 | J9: =IF(G9="","",IFERROR(IF(G9="infusing",IFERROR(LOOKUP(2,1/ISNUMBER(SEARCH(_lookup!$D$3:$D$4,H9)),_lookup!$E$3:$E$4),"INT"),VLOOKUP(G9,_lookup!$A$3:$B$14,2,FALSE)),"")) | K9: =IF(F9<>"weapon","",IF(G9="miscellaneous","1-4",IF(I9="","",IFERROR(VLOOKUP(I9&"|"&IF(LEFT(H9,2)="2H",2,1)&"|"&IF(G9="slashing",1,0),_lookup!$G$3:$H$18,2,FALSE),"")))) | L9: =IF(K9="","",IF(OR(G9="channeling",G9="infusing"),"Magical",IF(G9="blocking","Anti-Physical",IF(G9="warding","Anti-Magical","Physical")))) | O9: =IF(F9<>"armor","","TBD") | P9: =IF(O9="","",IF(OR(G9="channeling",G9="infusing"),"Magical",IF(G9="blocking","Anti-Physical",IF(G9="warding","Anti-Magical","Physical")))) | S9: 800 | T9: Turns fiber and seeds into tier-specific infusions and spell-dust. | U9: What you bind does not fade. Wielders bring you their oldest infusions to have the light woken back into them. | Y9: https://drive.google.com/uc?export=download&id=1H-H68vYBLXccnjOnVscyZiHF4LvNpLU9
A10: SK9 | B10: item_template | C10: tile | D10: skills | E10: Novice Fishing | F10: skill | G10: profession | H10: gathering | I10: 0 | J10: =IF(G10="","",IFERROR(IF(G10="infusing",IFERROR(LOOKUP(2,1/ISNUMBER(SEARCH(_lookup!$D$3:$D$4,H10)),_lookup!$E$3:$E$4),"INT"),VLOOKUP(G10,_lookup!$A$3:$B$14,2,FALSE)),"")) | K10: =IF(F10<>"weapon","",IF(G10="miscellaneous","1-4",IF(I10="","",IFERROR(VLOOKUP(I10&"|"&IF(LEFT(H10,2)="2H",2,1)&"|"&IF(G10="slashing",1,0),_lookup!$G$3:$H$18,2,FALSE),"")))) | L10: =IF(K10="","",IF(OR(G10="channeling",G10="infusing"),"Magical",IF(G10="blocking","Anti-Physical",IF(G10="warding","Anti-Magical","Physical")))) | O10: =IF(F10<>"armor","","TBD") | P10: =IF(O10="","",IF(OR(G10="channeling",G10="infusing"),"Magical",IF(G10="blocking","Anti-Physical",IF(G10="warding","Anti-Magical","Physical")))) | S10: 24 | T10: Gathers fish, wraps, and various fishing treasures. | U10: You can read a bank well enough to find the slow water, and you have learned to wait. Most of what you land is small. | Y10: https://drive.google.com/uc?export=download&id=1PA6tDJuXBgsc4uRiu5k4knGngmYvei5U
A11: SK10 | B11: item_template | C11: tile | D11: skills | E11: Journeyman Fishing | F11: skill | G11: profession | H11: gathering | I11: 1 | J11: =IF(G11="","",IFERROR(IF(G11="infusing",IFERROR(LOOKUP(2,1/ISNUMBER(SEARCH(_lookup!$D$3:$D$4,H11)),_lookup!$E$3:$E$4),"INT"),VLOOKUP(G11,_lookup!$A$3:$B$14,2,FALSE)),"")) | K11: =IF(F11<>"weapon","",IF(G11="miscellaneous","1-4",IF(I11="","",IFERROR(VLOOKUP(I11&"|"&IF(LEFT(H11,2)="2H",2,1)&"|"&IF(G11="slashing",1,0),_lookup!$G$3:$H$18,2,FALSE),"")))) | L11: =IF(K11="","",IF(OR(G11="channeling",G11="infusing"),"Magical",IF(G11="blocking","Anti-Physical",IF(G11="warding","Anti-Magical","Physical")))) | O11: =IF(F11<>"armor","","TBD") | P11: =IF(O11="","",IF(OR(G11="channeling",G11="infusing"),"Magical",IF(G11="blocking","Anti-Physical",IF(G11="warding","Anti-Magical","Physical")))) | S11: 72 | T11: Gathers fish, wraps, and various fishing treasures. | U11: You know which pools hold fish at which hour, and the line no longer tangles in the reeds. The basket is rarely empty now. | Y11: https://drive.google.com/uc?export=download&id=1PA6tDJuXBgsc4uRiu5k4knGngmYvei5U
A12: SK11 | B12: item_template | C12: tile | D12: skills | E12: Artisan Fishing | F12: skill | G12: profession | H12: gathering | I12: 2 | J12: =IF(G12="","",IFERROR(IF(G12="infusing",IFERROR(LOOKUP(2,1/ISNUMBER(SEARCH(_lookup!$D$3:$D$4,H12)),_lookup!$E$3:$E$4),"INT"),VLOOKUP(G12,_lookup!$A$3:$B$14,2,FALSE)),"")) | K12: =IF(F12<>"weapon","",IF(G12="miscellaneous","1-4",IF(I12="","",IFERROR(VLOOKUP(I12&"|"&IF(LEFT(H12,2)="2H",2,1)&"|"&IF(G12="slashing",1,0),_lookup!$G$3:$H$18,2,FALSE),"")))) | L12: =IF(K12="","",IF(OR(G12="channeling",G12="infusing"),"Magical",IF(G12="blocking","Anti-Physical",IF(G12="warding","Anti-Magical","Physical")))) | O12: =IF(F12<>"armor","","TBD") | P12: =IF(O12="","",IF(OR(G12="channeling",G12="infusing"),"Magical",IF(G12="blocking","Anti-Physical",IF(G12="warding","Anti-Magical","Physical")))) | S12: 288 | T12: Gathers fish, wraps, and various fishing treasures. | U12: You fish the deep channels and the fast water others avoid, and come back with what the rest of the bank only hears about. | Y12: https://drive.google.com/uc?export=download&id=1PA6tDJuXBgsc4uRiu5k4knGngmYvei5U
A13: SK12 | B13: item_template | C13: tile | D13: skills | E13: Master Fishing | F13: skill | G13: profession | H13: gathering | I13: 3 | J13: =IF(G13="","",IFERROR(IF(G13="infusing",IFERROR(LOOKUP(2,1/ISNUMBER(SEARCH(_lookup!$D$3:$D$4,H13)),_lookup!$E$3:$E$4),"INT"),VLOOKUP(G13,_lookup!$A$3:$B$14,2,FALSE)),"")) | K13: =IF(F13<>"weapon","",IF(G13="miscellaneous","1-4",IF(I13="","",IFERROR(VLOOKUP(I13&"|"&IF(LEFT(H13,2)="2H",2,1)&"|"&IF(G13="slashing",1,0),_lookup!$G$3:$H$18,2,FALSE),"")))) | L13: =IF(K13="","",IF(OR(G13="channeling",G13="infusing"),"Magical",IF(G13="blocking","Anti-Physical",IF(G13="warding","Anti-Magical","Physical")))) | O13: =IF(F13<>"armor","","TBD") | P13: =IF(O13="","",IF(OR(G13="channeling",G13="infusing"),"Magical",IF(G13="blocking","Anti-Physical",IF(G13="warding","Anti-Magical","Physical")))) | S13: 800 | T13: Gathers fish, wraps, and various fishing treasures. | U13: There is no stretch of water in the Woodland you cannot work. What you pull from the river, the river did not intend to give up. | Y13: https://drive.google.com/uc?export=download&id=1PA6tDJuXBgsc4uRiu5k4knGngmYvei5U
... A49: SK48 | B49: item_template | C49: tile | D49: skills | E49: Master Woodworking | F49: skill | G49: profession | H49: crafting | I49: 3 | J49: =IF(G49="","",IFERROR(IF(G49="infusing",IFERROR(LOOKUP(2,1/ISNUMBER(SEARCH(_lookup!$D$3:$D$4,H49)),_lookup!$E$3:$E$4),"INT"),VLOOKUP(G49,_lookup!$A$3:$B$14,2,FALSE)),"")) | K49: =IF(F49<>"weapon","",IF(G49="miscellaneous","1-4",IF(I49="","",IFERROR(VLOOKUP(I49&"|"&IF(LEFT(H49,2)="2H",2,1)&"|"&IF(G49="slashing",1,0),_lookup!$G$3:$H$18,2,FALSE),"")))) | L49: =IF(K49="","",IF(OR(G49="channeling",G49="infusing"),"Magical",IF(G49="blocking","Anti-Physical",IF(G49="warding","Anti-Magical","Physical")))) | O49: =IF(F49<>"armor","","TBD") | P49: =IF(O49="","",IF(OR(G49="channeling",G49="infusing"),"Magical",IF(G49="blocking","Anti-Physical",IF(G49="warding","Anti-Magical","Physical")))) | S49: 800 | T49: Turns wood into tier-specific projectile and channeling weapons. | U49: Your bows are spoken of in other warrens. The limbs are thin as a reed and throw harder than anything that size has a right to. | Y49: https://drive.google.com/uc?export=download&id=1ky-Jx_5IVL7rl7GmSU8lNpS6_9ARfSBp
J50: =IF(G50="","",IFERROR(IF(G50="infusing",IFERROR(LOOKUP(2,1/ISNUMBER(SEARCH(_lookup!$D$3:$D$4,H50)),_lookup!$E$3:$E$4),"INT"),VLOOKUP(G50,_lookup!$A$3:$B$14,2,FALSE)),"")) | K50: =IF(F50<>"weapon","",IF(G50="miscellaneous","1-4",IF(I50="","",IFERROR(VLOOKUP(I50&"|"&IF(LEFT(H50,2)="2H",2,1)&"|"&IF(G50="slashing",1,0),_lookup!$G$3:$H$18,2,FALSE),"")))) | L50: =IF(K50="","",IF(OR(G50="channeling",G50="infusing"),"Magical",IF(G50="blocking","Anti-Physical",IF(G50="warding","Anti-Magical","Physical")))) | O50: =IF(F50<>"armor","","TBD") | P50: =IF(O50="","",IF(OR(G50="channeling",G50="infusing"),"Magical",IF(G50="blocking","Anti-Physical",IF(G50="warding","Anti-Magical","Physical"))))
J51: =IF(G51="","",IFERROR(IF(G51="infusing",IFERROR(LOOKUP(2,1/ISNUMBER(SEARCH(_lookup!$D$3:$D$4,H51)),_lookup!$E$3:$E$4),"INT"),VLOOKUP(G51,_lookup!$A$3:$B$14,2,FALSE)),"")) | K51: =IF(F51<>"weapon","",IF(G51="miscellaneous","1-4",IF(I51="","",IFERROR(VLOOKUP(I51&"|"&IF(LEFT(H51,2)="2H",2,1)&"|"&IF(G51="slashing",1,0),_lookup!$G$3:$H$18,2,FALSE),"")))) | L51: =IF(K51="","",IF(OR(G51="channeling",G51="infusing"),"Magical",IF(G51="blocking","Anti-Physical",IF(G51="warding","Anti-Magical","Physical")))) | O51: =IF(F51<>"armor","","TBD") | P51: =IF(O51="","",IF(OR(G51="channeling",G51="infusing"),"Magical",IF(G51="blocking","Anti-Physical",IF(G51="warding","Anti-Magical","Physical"))))
J52: =IF(G52="","",IFERROR(IF(G52="infusing",IFERROR(LOOKUP(2,1/ISNUMBER(SEARCH(_lookup!$D$3:$D$4,H52)),_lookup!$E$3:$E$4),"INT"),VLOOKUP(G52,_lookup!$A$3:$B$14,2,FALSE)),"")) | K52: =IF(F52<>"weapon","",IF(G52="miscellaneous","1-4",IF(I52="","",IFERROR(VLOOKUP(I52&"|"&IF(LEFT(H52,2)="2H",2,1)&"|"&IF(G52="slashing",1,0),_lookup!$G$3:$H$18,2,FALSE),"")))) | L52: =IF(K52="","",IF(OR(G52="channeling",G52="infusing"),"Magical",IF(G52="blocking","Anti-Physical",IF(G52="warding","Anti-Magical","Physical")))) | O52: =IF(F52<>"armor","","TBD") | P52: =IF(O52="","",IF(OR(G52="channeling",G52="infusing"),"Magical",IF(G52="blocking","Anti-Physical",IF(G52="warding","Anti-Magical","Physical"))))
J53: =IF(G53="","",IFERROR(IF(G53="infusing",IFERROR(LOOKUP(2,1/ISNUMBER(SEARCH(_lookup!$D$3:$D$4,H53)),_lookup!$E$3:$E$4),"INT"),VLOOKUP(G53,_lookup!$A$3:$B$14,2,FALSE)),"")) | K53: =IF(F53<>"weapon","",IF(G53="miscellaneous","1-4",IF(I53="","",IFERROR(VLOOKUP(I53&"|"&IF(LEFT(H53,2)="2H",2,1)&"|"&IF(G53="slashing",1,0),_lookup!$G$3:$H$18,2,FALSE),"")))) | L53: =IF(K53="","",IF(OR(G53="channeling",G53="infusing"),"Magical",IF(G53="blocking","Anti-Physical",IF(G53="warding","Anti-Magical","Physical")))) | O53: =IF(F53<>"armor","","TBD") | P53: =IF(O53="","",IF(OR(G53="channeling",G53="infusing"),"Magical",IF(G53="blocking","Anti-Physical",IF(G53="warding","Anti-Magical","Physical"))))
J54: =IF(G54="","",IFERROR(IF(G54="infusing",IFERROR(LOOKUP(2,1/ISNUMBER(SEARCH(_lookup!$D$3:$D$4,H54)),_lookup!$E$3:$E$4),"INT"),VLOOKUP(G54,_lookup!$A$3:$B$14,2,FALSE)),"")) | K54: =IF(F54<>"weapon","",IF(G54="miscellaneous","1-4",IF(I54="","",IFERROR(VLOOKUP(I54&"|"&IF(LEFT(H54,2)="2H",2,1)&"|"&IF(G54="slashing",1,0),_lookup!$G$3:$H$18,2,FALSE),"")))) | L54: =IF(K54="","",IF(OR(G54="channeling",G54="infusing"),"Magical",IF(G54="blocking","Anti-Physical",IF(G54="warding","Anti-Magical","Physical")))) | O54: =IF(F54<>"armor","","TBD") | P54: =IF(O54="","",IF(OR(G54="channeling",G54="infusing"),"Magical",IF(G54="blocking","Anti-Physical",IF(G54="warding","Anti-Magical","Physical"))))
J55: =IF(G55="","",IFERROR(IF(G55="infusing",IFERROR(LOOKUP(2,1/ISNUMBER(SEARCH(_lookup!$D$3:$D$4,H55)),_lookup!$E$3:$E$4),"INT"),VLOOKUP(G55,_lookup!$A$3:$B$14,2,FALSE)),"")) | K55: =IF(F55<>"weapon","",IF(G55="miscellaneous","1-4",IF(I55="","",IFERROR(VLOOKUP(I55&"|"&IF(LEFT(H55,2)="2H",2,1)&"|"&IF(G55="slashing",1,0),_lookup!$G$3:$H$18,2,FALSE),"")))) | L55: =IF(K55="","",IF(OR(G55="channeling",G55="infusing"),"Magical",IF(G55="blocking","Anti-Physical",IF(G55="warding","Anti-Magical","Physical")))) | O55: =IF(F55<>"armor","","TBD") | P55: =IF(O55="","",IF(OR(G55="channeling",G55="infusing"),"Magical",IF(G55="blocking","Anti-Physical",IF(G55="warding","Anti-Magical","Physical"))))
J56: =IF(G56="","",IFERROR(IF(G56="infusing",IFERROR(LOOKUP(2,1/ISNUMBER(SEARCH(_lookup!$D$3:$D$4,H56)),_lookup!$E$3:$E$4),"INT"),VLOOKUP(G56,_lookup!$A$3:$B$14,2,FALSE)),"")) | K56: =IF(F56<>"weapon","",IF(G56="miscellaneous","1-4",IF(I56="","",IFERROR(VLOOKUP(I56&"|"&IF(LEFT(H56,2)="2H",2,1)&"|"&IF(G56="slashing",1,0),_lookup!$G$3:$H$18,2,FALSE),"")))) | L56: =IF(K56="","",IF(OR(G56="channeling",G56="infusing"),"Magical",IF(G56="blocking","Anti-Physical",IF(G56="warding","Anti-Magical","Physical")))) | O56: =IF(F56<>"armor","","TBD") | P56: =IF(O56="","",IF(OR(G56="channeling",G56="infusing"),"Magical",IF(G56="blocking","Anti-Physical",IF(G56="warding","Anti-Magical","Physical"))))
J57: =IF(G57="","",IFERROR(IF(G57="infusing",IFERROR(LOOKUP(2,1/ISNUMBER(SEARCH(_lookup!$D$3:$D$4,H57)),_lookup!$E$3:$E$4),"INT"),VLOOKUP(G57,_lookup!$A$3:$B$14,2,FALSE)),"")) | K57: =IF(F57<>"weapon","",IF(G57="miscellaneous","1-4",IF(I57="","",IFERROR(VLOOKUP(I57&"|"&IF(LEFT(H57,2)="2H",2,1)&"|"&IF(G57="slashing",1,0),_lookup!$G$3:$H$18,2,FALSE),"")))) | L57: =IF(K57="","",IF(OR(G57="channeling",G57="infusing"),"Magical",IF(G57="blocking","Anti-Physical",IF(G57="warding","Anti-Magical","Physical")))) | O57: =IF(F57<>"armor","","TBD") | P57: =IF(O57="","",IF(OR(G57="channeling",G57="infusing"),"Magical",IF(G57="blocking","Anti-Physical",IF(G57="warding","Anti-Magical","Physical"))))
J58: =IF(G58="","",IFERROR(IF(G58="infusing",IFERROR(LOOKUP(2,1/ISNUMBER(SEARCH(_lookup!$D$3:$D$4,H58)),_lookup!$E$3:$E$4),"INT"),VLOOKUP(G58,_lookup!$A$3:$B$14,2,FALSE)),"")) | K58: =IF(F58<>"weapon","",IF(G58="miscellaneous","1-4",IF(I58="","",IFERROR(VLOOKUP(I58&"|"&IF(LEFT(H58,2)="2H",2,1)&"|"&IF(G58="slashing",1,0),_lookup!$G$3:$H$18,2,FALSE),"")))) | L58: =IF(K58="","",IF(OR(G58="channeling",G58="infusing"),"Magical",IF(G58="blocking","Anti-Physical",IF(G58="warding","Anti-Magical","Physical")))) | O58: =IF(F58<>"armor","","TBD") | P58: =IF(O58="","",IF(OR(G58="channeling",G58="infusing"),"Magical",IF(G58="blocking","Anti-Physical",IF(G58="warding","Anti-Magical","Physical"))))
J59: =IF(G59="","",IFERROR(IF(G59="infusing",IFERROR(LOOKUP(2,1/ISNUMBER(SEARCH(_lookup!$D$3:$D$4,H59)),_lookup!$E$3:$E$4),"INT"),VLOOKUP(G59,_lookup!$A$3:$B$14,2,FALSE)),"")) | K59: =IF(F59<>"weapon","",IF(G59="miscellaneous","1-4",IF(I59="","",IFERROR(VLOOKUP(I59&"|"&IF(LEFT(H59,2)="2H",2,1)&"|"&IF(G59="slashing",1,0),_lookup!$G$3:$H$18,2,FALSE),"")))) | L59: =IF(K59="","",IF(OR(G59="channeling",G59="infusing"),"Magical",IF(G59="blocking","Anti-Physical",IF(G59="warding","Anti-Magical","Physical")))) | O59: =IF(F59<>"armor","","TBD") | P59: =IF(O59="","",IF(OR(G59="channeling",G59="infusing"),"Magical",IF(G59="blocking","Anti-Physical",IF(G59="warding","Anti-Magical","Physical"))))
J60: =IF(G60="","",IFERROR(IF(G60="infusing",IFERROR(LOOKUP(2,1/ISNUMBER(SEARCH(_lookup!$D$3:$D$4,H60)),_lookup!$E$3:$E$4),"INT"),VLOOKUP(G60,_lookup!$A$3:$B$14,2,FALSE)),"")) | K60: =IF(F60<>"weapon","",IF(G60="miscellaneous","1-4",IF(I60="","",IFERROR(VLOOKUP(I60&"|"&IF(LEFT(H60,2)="2H",2,1)&"|"&IF(G60="slashing",1,0),_lookup!$G$3:$H$18,2,FALSE),"")))) | L60: =IF(K60="","",IF(OR(G60="channeling",G60="infusing"),"Magical",IF(G60="blocking","Anti-Physical",IF(G60="warding","Anti-Magical","Physical")))) | O60: =IF(F60<>"armor","","TBD") | P60: =IF(O60="","",IF(OR(G60="channeling",G60="infusing"),"Magical",IF(G60="blocking","Anti-Physical",IF(G60="warding","Anti-Magical","Physical"))))
J61: =IF(G61="","",IFERROR(IF(G61="infusing",IFERROR(LOOKUP(2,1/ISNUMBER(SEARCH(_lookup!$D$3:$D$4,H61)),_lookup!$E$3:$E$4),"INT"),VLOOKUP(G61,_lookup!$A$3:$B$14,2,FALSE)),"")) | K61: =IF(F61<>"weapon","",IF(G61="miscellaneous","1-4",IF(I61="","",IFERROR(VLOOKUP(I61&"|"&IF(LEFT(H61,2)="2H",2,1)&"|"&IF(G61="slashing",1,0),_lookup!$G$3:$H$18,2,FALSE),"")))) | L61: =IF(K61="","",IF(OR(G61="channeling",G61="infusing"),"Magical",IF(G61="blocking","Anti-Physical",IF(G61="warding","Anti-Magical","Physical")))) | O61: =IF(F61<>"armor","","TBD") | P61: =IF(O61="","",IF(OR(G61="channeling",G61="infusing"),"Magical",IF(G61="blocking","Anti-Physical",IF(G61="warding","Anti-Magical","Physical"))))
... J500: =IF(G500="","",IFERROR(IF(G500="infusing",IFERROR(LOOKUP(2,1/ISNUMBER(SEARCH(_lookup!$D$3:$D$4,H500)),_lookup!$E$3:$E$4),"INT"),VLOOKUP(G500,_lookup!$A$3:$B$14,2,FALSE)),"")) | K500: =IF(F500<>"weapon","",IF(G500="miscellaneous","1-4",IF(I500="","",IFERROR(VLOOKUP(I500&"|"&IF(LEFT(H500,2)="2H",2,1)&"|"&IF(G500="slashing",1,0),_lookup!$G$3:$H$18,2,FALSE),"")))) | L500: =IF(K500="","",IF(OR(G500="channeling",G500="infusing"),"Magical",IF(G500="blocking","Anti-Physical",IF(G500="warding","Anti-Magical","Physical")))) | O500: =IF(F500<>"armor","","TBD") | P500: =IF(O500="","",IF(OR(G500="channeling",G500="infusing"),"Magical",IF(G500="blocking","Anti-Physical",IF(G500="warding","Anti-Magical","Physical"))))

Sheet statuses
A1: item_id | B1: template | C1: tts_type | D1: set | E1: name | F1: type | G1: subtype | H1: subsubtype | I1: tier | J1: stat | K1: damage_range | L1: damage_type | M1: damage_range2 | N1: damage_type2 | O1: armor_range | P1: armor_type | Q1: armor_range2 | R1: armor_type2 | S1: base_gold | T1: effect | U1: flavor | V1: cooldown | W1: uses | X1: gmnotes | Y1: image_front | Z1: image_back
A2: ST1 | B2: status_template | C2: tile | J2: =IF(G2="","",IFERROR(IF(G2="infusing",IFERROR(LOOKUP(2,1/ISNUMBER(SEARCH(_lookup!$D$3:$D$4,H2)),_lookup!$E$3:$E$4),"INT"),VLOOKUP(G2,_lookup!$A$3:$B$14,2,FALSE)),"")) | K2: =IF(F2<>"weapon","",IF(G2="miscellaneous","1-4",IF(I2="","",IFERROR(VLOOKUP(I2&"|"&IF(LEFT(H2,2)="2H",2,1)&"|"&IF(G2="slashing",1,0),_lookup!$G$3:$H$18,2,FALSE),"")))) | L2: =IF(K2="","",IF(OR(G2="channeling",G2="infusing"),"Magical",IF(G2="blocking","Anti-Physical",IF(G2="warding","Anti-Magical","Physical")))) | O2: =IF(F2<>"armor","","TBD") | P2: =IF(O2="","",IF(OR(G2="channeling",G2="infusing"),"Magical",IF(G2="blocking","Anti-Physical",IF(G2="warding","Anti-Magical","Physical"))))
A3: ST2 | B3: status_template | C3: tile | J3: =IF(G3="","",IFERROR(IF(G3="infusing",IFERROR(LOOKUP(2,1/ISNUMBER(SEARCH(_lookup!$D$3:$D$4,H3)),_lookup!$E$3:$E$4),"INT"),VLOOKUP(G3,_lookup!$A$3:$B$14,2,FALSE)),"")) | K3: =IF(F3<>"weapon","",IF(G3="miscellaneous","1-4",IF(I3="","",IFERROR(VLOOKUP(I3&"|"&IF(LEFT(H3,2)="2H",2,1)&"|"&IF(G3="slashing",1,0),_lookup!$G$3:$H$18,2,FALSE),"")))) | L3: =IF(K3="","",IF(OR(G3="channeling",G3="infusing"),"Magical",IF(G3="blocking","Anti-Physical",IF(G3="warding","Anti-Magical","Physical")))) | O3: =IF(F3<>"armor","","TBD") | P3: =IF(O3="","",IF(OR(G3="channeling",G3="infusing"),"Magical",IF(G3="blocking","Anti-Physical",IF(G3="warding","Anti-Magical","Physical"))))
A4: ST3 | B4: status_template | C4: tile | J4: =IF(G4="","",IFERROR(IF(G4="infusing",IFERROR(LOOKUP(2,1/ISNUMBER(SEARCH(_lookup!$D$3:$D$4,H4)),_lookup!$E$3:$E$4),"INT"),VLOOKUP(G4,_lookup!$A$3:$B$14,2,FALSE)),"")) | K4: =IF(F4<>"weapon","",IF(G4="miscellaneous","1-4",IF(I4="","",IFERROR(VLOOKUP(I4&"|"&IF(LEFT(H4,2)="2H",2,1)&"|"&IF(G4="slashing",1,0),_lookup!$G$3:$H$18,2,FALSE),"")))) | L4: =IF(K4="","",IF(OR(G4="channeling",G4="infusing"),"Magical",IF(G4="blocking","Anti-Physical",IF(G4="warding","Anti-Magical","Physical")))) | O4: =IF(F4<>"armor","","TBD") | P4: =IF(O4="","",IF(OR(G4="channeling",G4="infusing"),"Magical",IF(G4="blocking","Anti-Physical",IF(G4="warding","Anti-Magical","Physical"))))
A5: ST4 | B5: status_template | C5: tile | J5: =IF(G5="","",IFERROR(IF(G5="infusing",IFERROR(LOOKUP(2,1/ISNUMBER(SEARCH(_lookup!$D$3:$D$4,H5)),_lookup!$E$3:$E$4),"INT"),VLOOKUP(G5,_lookup!$A$3:$B$14,2,FALSE)),"")) | K5: =IF(F5<>"weapon","",IF(G5="miscellaneous","1-4",IF(I5="","",IFERROR(VLOOKUP(I5&"|"&IF(LEFT(H5,2)="2H",2,1)&"|"&IF(G5="slashing",1,0),_lookup!$G$3:$H$18,2,FALSE),"")))) | L5: =IF(K5="","",IF(OR(G5="channeling",G5="infusing"),"Magical",IF(G5="blocking","Anti-Physical",IF(G5="warding","Anti-Magical","Physical")))) | O5: =IF(F5<>"armor","","TBD") | P5: =IF(O5="","",IF(OR(G5="channeling",G5="infusing"),"Magical",IF(G5="blocking","Anti-Physical",IF(G5="warding","Anti-Magical","Physical"))))
A6: ST5 | B6: status_template | C6: tile | J6: =IF(G6="","",IFERROR(IF(G6="infusing",IFERROR(LOOKUP(2,1/ISNUMBER(SEARCH(_lookup!$D$3:$D$4,H6)),_lookup!$E$3:$E$4),"INT"),VLOOKUP(G6,_lookup!$A$3:$B$14,2,FALSE)),"")) | K6: =IF(F6<>"weapon","",IF(G6="miscellaneous","1-4",IF(I6="","",IFERROR(VLOOKUP(I6&"|"&IF(LEFT(H6,2)="2H",2,1)&"|"&IF(G6="slashing",1,0),_lookup!$G$3:$H$18,2,FALSE),"")))) | L6: =IF(K6="","",IF(OR(G6="channeling",G6="infusing"),"Magical",IF(G6="blocking","Anti-Physical",IF(G6="warding","Anti-Magical","Physical")))) | O6: =IF(F6<>"armor","","TBD") | P6: =IF(O6="","",IF(OR(G6="channeling",G6="infusing"),"Magical",IF(G6="blocking","Anti-Physical",IF(G6="warding","Anti-Magical","Physical"))))
A7: ST6 | B7: status_template | C7: tile | J7: =IF(G7="","",IFERROR(IF(G7="infusing",IFERROR(LOOKUP(2,1/ISNUMBER(SEARCH(_lookup!$D$3:$D$4,H7)),_lookup!$E$3:$E$4),"INT"),VLOOKUP(G7,_lookup!$A$3:$B$14,2,FALSE)),"")) | K7: =IF(F7<>"weapon","",IF(G7="miscellaneous","1-4",IF(I7="","",IFERROR(VLOOKUP(I7&"|"&IF(LEFT(H7,2)="2H",2,1)&"|"&IF(G7="slashing",1,0),_lookup!$G$3:$H$18,2,FALSE),"")))) | L7: =IF(K7="","",IF(OR(G7="channeling",G7="infusing"),"Magical",IF(G7="blocking","Anti-Physical",IF(G7="warding","Anti-Magical","Physical")))) | O7: =IF(F7<>"armor","","TBD") | P7: =IF(O7="","",IF(OR(G7="channeling",G7="infusing"),"Magical",IF(G7="blocking","Anti-Physical",IF(G7="warding","Anti-Magical","Physical"))))
A8: ST7 | B8: status_template | C8: tile | J8: =IF(G8="","",IFERROR(IF(G8="infusing",IFERROR(LOOKUP(2,1/ISNUMBER(SEARCH(_lookup!$D$3:$D$4,H8)),_lookup!$E$3:$E$4),"INT"),VLOOKUP(G8,_lookup!$A$3:$B$14,2,FALSE)),"")) | K8: =IF(F8<>"weapon","",IF(G8="miscellaneous","1-4",IF(I8="","",IFERROR(VLOOKUP(I8&"|"&IF(LEFT(H8,2)="2H",2,1)&"|"&IF(G8="slashing",1,0),_lookup!$G$3:$H$18,2,FALSE),"")))) | L8: =IF(K8="","",IF(OR(G8="channeling",G8="infusing"),"Magical",IF(G8="blocking","Anti-Physical",IF(G8="warding","Anti-Magical","Physical")))) | O8: =IF(F8<>"armor","","TBD") | P8: =IF(O8="","",IF(OR(G8="channeling",G8="infusing"),"Magical",IF(G8="blocking","Anti-Physical",IF(G8="warding","Anti-Magical","Physical"))))
A9: ST8 | B9: status_template | C9: tile | J9: =IF(G9="","",IFERROR(IF(G9="infusing",IFERROR(LOOKUP(2,1/ISNUMBER(SEARCH(_lookup!$D$3:$D$4,H9)),_lookup!$E$3:$E$4),"INT"),VLOOKUP(G9,_lookup!$A$3:$B$14,2,FALSE)),"")) | K9: =IF(F9<>"weapon","",IF(G9="miscellaneous","1-4",IF(I9="","",IFERROR(VLOOKUP(I9&"|"&IF(LEFT(H9,2)="2H",2,1)&"|"&IF(G9="slashing",1,0),_lookup!$G$3:$H$18,2,FALSE),"")))) | L9: =IF(K9="","",IF(OR(G9="channeling",G9="infusing"),"Magical",IF(G9="blocking","Anti-Physical",IF(G9="warding","Anti-Magical","Physical")))) | O9: =IF(F9<>"armor","","TBD") | P9: =IF(O9="","",IF(OR(G9="channeling",G9="infusing"),"Magical",IF(G9="blocking","Anti-Physical",IF(G9="warding","Anti-Magical","Physical"))))
A10: ST9 | B10: status_template | C10: tile | J10: =IF(G10="","",IFERROR(IF(G10="infusing",IFERROR(LOOKUP(2,1/ISNUMBER(SEARCH(_lookup!$D$3:$D$4,H10)),_lookup!$E$3:$E$4),"INT"),VLOOKUP(G10,_lookup!$A$3:$B$14,2,FALSE)),"")) | K10: =IF(F10<>"weapon","",IF(G10="miscellaneous","1-4",IF(I10="","",IFERROR(VLOOKUP(I10&"|"&IF(LEFT(H10,2)="2H",2,1)&"|"&IF(G10="slashing",1,0),_lookup!$G$3:$H$18,2,FALSE),"")))) | L10: =IF(K10="","",IF(OR(G10="channeling",G10="infusing"),"Magical",IF(G10="blocking","Anti-Physical",IF(G10="warding","Anti-Magical","Physical")))) | O10: =IF(F10<>"armor","","TBD") | P10: =IF(O10="","",IF(OR(G10="channeling",G10="infusing"),"Magical",IF(G10="blocking","Anti-Physical",IF(G10="warding","Anti-Magical","Physical"))))
A11: ST10 | B11: status_template | C11: tile | J11: =IF(G11="","",IFERROR(IF(G11="infusing",IFERROR(LOOKUP(2,1/ISNUMBER(SEARCH(_lookup!$D$3:$D$4,H11)),_lookup!$E$3:$E$4),"INT"),VLOOKUP(G11,_lookup!$A$3:$B$14,2,FALSE)),"")) | K11: =IF(F11<>"weapon","",IF(G11="miscellaneous","1-4",IF(I11="","",IFERROR(VLOOKUP(I11&"|"&IF(LEFT(H11,2)="2H",2,1)&"|"&IF(G11="slashing",1,0),_lookup!$G$3:$H$18,2,FALSE),"")))) | L11: =IF(K11="","",IF(OR(G11="channeling",G11="infusing"),"Magical",IF(G11="blocking","Anti-Physical",IF(G11="warding","Anti-Magical","Physical")))) | O11: =IF(F11<>"armor","","TBD") | P11: =IF(O11="","",IF(OR(G11="channeling",G11="infusing"),"Magical",IF(G11="blocking","Anti-Physical",IF(G11="warding","Anti-Magical","Physical"))))
A12: ST11 | B12: status_template | C12: tile | J12: =IF(G12="","",IFERROR(IF(G12="infusing",IFERROR(LOOKUP(2,1/ISNUMBER(SEARCH(_lookup!$D$3:$D$4,H12)),_lookup!$E$3:$E$4),"INT"),VLOOKUP(G12,_lookup!$A$3:$B$14,2,FALSE)),"")) | K12: =IF(F12<>"weapon","",IF(G12="miscellaneous","1-4",IF(I12="","",IFERROR(VLOOKUP(I12&"|"&IF(LEFT(H12,2)="2H",2,1)&"|"&IF(G12="slashing",1,0),_lookup!$G$3:$H$18,2,FALSE),"")))) | L12: =IF(K12="","",IF(OR(G12="channeling",G12="infusing"),"Magical",IF(G12="blocking","Anti-Physical",IF(G12="warding","Anti-Magical","Physical")))) | O12: =IF(F12<>"armor","","TBD") | P12: =IF(O12="","",IF(OR(G12="channeling",G12="infusing"),"Magical",IF(G12="blocking","Anti-Physical",IF(G12="warding","Anti-Magical","Physical"))))
A13: ST12 | B13: status_template | C13: tile | J13: =IF(G13="","",IFERROR(IF(G13="infusing",IFERROR(LOOKUP(2,1/ISNUMBER(SEARCH(_lookup!$D$3:$D$4,H13)),_lookup!$E$3:$E$4),"INT"),VLOOKUP(G13,_lookup!$A$3:$B$14,2,FALSE)),"")) | K13: =IF(F13<>"weapon","",IF(G13="miscellaneous","1-4",IF(I13="","",IFERROR(VLOOKUP(I13&"|"&IF(LEFT(H13,2)="2H",2,1)&"|"&IF(G13="slashing",1,0),_lookup!$G$3:$H$18,2,FALSE),"")))) | L13: =IF(K13="","",IF(OR(G13="channeling",G13="infusing"),"Magical",IF(G13="blocking","Anti-Physical",IF(G13="warding","Anti-Magical","Physical")))) | O13: =IF(F13<>"armor","","TBD") | P13: =IF(O13="","",IF(OR(G13="channeling",G13="infusing"),"Magical",IF(G13="blocking","Anti-Physical",IF(G13="warding","Anti-Magical","Physical"))))
... A40: ST39 | B40: status_template | C40: tile | J40: =IF(G40="","",IFERROR(IF(G40="infusing",IFERROR(LOOKUP(2,1/ISNUMBER(SEARCH(_lookup!$D$3:$D$4,H40)),_lookup!$E$3:$E$4),"INT"),VLOOKUP(G40,_lookup!$A$3:$B$14,2,FALSE)),"")) | K40: =IF(F40<>"weapon","",IF(G40="miscellaneous","1-4",IF(I40="","",IFERROR(VLOOKUP(I40&"|"&IF(LEFT(H40,2)="2H",2,1)&"|"&IF(G40="slashing",1,0),_lookup!$G$3:$H$18,2,FALSE),"")))) | L40: =IF(K40="","",IF(OR(G40="channeling",G40="infusing"),"Magical",IF(G40="blocking","Anti-Physical",IF(G40="warding","Anti-Magical","Physical")))) | O40: =IF(F40<>"armor","","TBD") | P40: =IF(O40="","",IF(OR(G40="channeling",G40="infusing"),"Magical",IF(G40="blocking","Anti-Physical",IF(G40="warding","Anti-Magical","Physical"))))
J41: =IF(G41="","",IFERROR(IF(G41="infusing",IFERROR(LOOKUP(2,1/ISNUMBER(SEARCH(_lookup!$D$3:$D$4,H41)),_lookup!$E$3:$E$4),"INT"),VLOOKUP(G41,_lookup!$A$3:$B$14,2,FALSE)),"")) | K41: =IF(F41<>"weapon","",IF(G41="miscellaneous","1-4",IF(I41="","",IFERROR(VLOOKUP(I41&"|"&IF(LEFT(H41,2)="2H",2,1)&"|"&IF(G41="slashing",1,0),_lookup!$G$3:$H$18,2,FALSE),"")))) | L41: =IF(K41="","",IF(OR(G41="channeling",G41="infusing"),"Magical",IF(G41="blocking","Anti-Physical",IF(G41="warding","Anti-Magical","Physical")))) | O41: =IF(F41<>"armor","","TBD") | P41: =IF(O41="","",IF(OR(G41="channeling",G41="infusing"),"Magical",IF(G41="blocking","Anti-Physical",IF(G41="warding","Anti-Magical","Physical"))))
J42: =IF(G42="","",IFERROR(IF(G42="infusing",IFERROR(LOOKUP(2,1/ISNUMBER(SEARCH(_lookup!$D$3:$D$4,H42)),_lookup!$E$3:$E$4),"INT"),VLOOKUP(G42,_lookup!$A$3:$B$14,2,FALSE)),"")) | K42: =IF(F42<>"weapon","",IF(G42="miscellaneous","1-4",IF(I42="","",IFERROR(VLOOKUP(I42&"|"&IF(LEFT(H42,2)="2H",2,1)&"|"&IF(G42="slashing",1,0),_lookup!$G$3:$H$18,2,FALSE),"")))) | L42: =IF(K42="","",IF(OR(G42="channeling",G42="infusing"),"Magical",IF(G42="blocking","Anti-Physical",IF(G42="warding","Anti-Magical","Physical")))) | O42: =IF(F42<>"armor","","TBD") | P42: =IF(O42="","",IF(OR(G42="channeling",G42="infusing"),"Magical",IF(G42="blocking","Anti-Physical",IF(G42="warding","Anti-Magical","Physical"))))
J43: =IF(G43="","",IFERROR(IF(G43="infusing",IFERROR(LOOKUP(2,1/ISNUMBER(SEARCH(_lookup!$D$3:$D$4,H43)),_lookup!$E$3:$E$4),"INT"),VLOOKUP(G43,_lookup!$A$3:$B$14,2,FALSE)),"")) | K43: =IF(F43<>"weapon","",IF(G43="miscellaneous","1-4",IF(I43="","",IFERROR(VLOOKUP(I43&"|"&IF(LEFT(H43,2)="2H",2,1)&"|"&IF(G43="slashing",1,0),_lookup!$G$3:$H$18,2,FALSE),"")))) | L43: =IF(K43="","",IF(OR(G43="channeling",G43="infusing"),"Magical",IF(G43="blocking","Anti-Physical",IF(G43="warding","Anti-Magical","Physical")))) | O43: =IF(F43<>"armor","","TBD") | P43: =IF(O43="","",IF(OR(G43="channeling",G43="infusing"),"Magical",IF(G43="blocking","Anti-Physical",IF(G43="warding","Anti-Magical","Physical"))))
J44: =IF(G44="","",IFERROR(IF(G44="infusing",IFERROR(LOOKUP(2,1/ISNUMBER(SEARCH(_lookup!$D$3:$D$4,H44)),_lookup!$E$3:$E$4),"INT"),VLOOKUP(G44,_lookup!$A$3:$B$14,2,FALSE)),"")) | K44: =IF(F44<>"weapon","",IF(G44="miscellaneous","1-4",IF(I44="","",IFERROR(VLOOKUP(I44&"|"&IF(LEFT(H44,2)="2H",2,1)&"|"&IF(G44="slashing",1,0),_lookup!$G$3:$H$18,2,FALSE),"")))) | L44: =IF(K44="","",IF(OR(G44="channeling",G44="infusing"),"Magical",IF(G44="blocking","Anti-Physical",IF(G44="warding","Anti-Magical","Physical")))) | O44: =IF(F44<>"armor","","TBD") | P44: =IF(O44="","",IF(OR(G44="channeling",G44="infusing"),"Magical",IF(G44="blocking","Anti-Physical",IF(G44="warding","Anti-Magical","Physical"))))
J45: =IF(G45="","",IFERROR(IF(G45="infusing",IFERROR(LOOKUP(2,1/ISNUMBER(SEARCH(_lookup!$D$3:$D$4,H45)),_lookup!$E$3:$E$4),"INT"),VLOOKUP(G45,_lookup!$A$3:$B$14,2,FALSE)),"")) | K45: =IF(F45<>"weapon","",IF(G45="miscellaneous","1-4",IF(I45="","",IFERROR(VLOOKUP(I45&"|"&IF(LEFT(H45,2)="2H",2,1)&"|"&IF(G45="slashing",1,0),_lookup!$G$3:$H$18,2,FALSE),"")))) | L45: =IF(K45="","",IF(OR(G45="channeling",G45="infusing"),"Magical",IF(G45="blocking","Anti-Physical",IF(G45="warding","Anti-Magical","Physical")))) | O45: =IF(F45<>"armor","","TBD") | P45: =IF(O45="","",IF(OR(G45="channeling",G45="infusing"),"Magical",IF(G45="blocking","Anti-Physical",IF(G45="warding","Anti-Magical","Physical"))))
J46: =IF(G46="","",IFERROR(IF(G46="infusing",IFERROR(LOOKUP(2,1/ISNUMBER(SEARCH(_lookup!$D$3:$D$4,H46)),_lookup!$E$3:$E$4),"INT"),VLOOKUP(G46,_lookup!$A$3:$B$14,2,FALSE)),"")) | K46: =IF(F46<>"weapon","",IF(G46="miscellaneous","1-4",IF(I46="","",IFERROR(VLOOKUP(I46&"|"&IF(LEFT(H46,2)="2H",2,1)&"|"&IF(G46="slashing",1,0),_lookup!$G$3:$H$18,2,FALSE),"")))) | L46: =IF(K46="","",IF(OR(G46="channeling",G46="infusing"),"Magical",IF(G46="blocking","Anti-Physical",IF(G46="warding","Anti-Magical","Physical")))) | O46: =IF(F46<>"armor","","TBD") | P46: =IF(O46="","",IF(OR(G46="channeling",G46="infusing"),"Magical",IF(G46="blocking","Anti-Physical",IF(G46="warding","Anti-Magical","Physical"))))
J47: =IF(G47="","",IFERROR(IF(G47="infusing",IFERROR(LOOKUP(2,1/ISNUMBER(SEARCH(_lookup!$D$3:$D$4,H47)),_lookup!$E$3:$E$4),"INT"),VLOOKUP(G47,_lookup!$A$3:$B$14,2,FALSE)),"")) | K47: =IF(F47<>"weapon","",IF(G47="miscellaneous","1-4",IF(I47="","",IFERROR(VLOOKUP(I47&"|"&IF(LEFT(H47,2)="2H",2,1)&"|"&IF(G47="slashing",1,0),_lookup!$G$3:$H$18,2,FALSE),"")))) | L47: =IF(K47="","",IF(OR(G47="channeling",G47="infusing"),"Magical",IF(G47="blocking","Anti-Physical",IF(G47="warding","Anti-Magical","Physical")))) | O47: =IF(F47<>"armor","","TBD") | P47: =IF(O47="","",IF(OR(G47="channeling",G47="infusing"),"Magical",IF(G47="blocking","Anti-Physical",IF(G47="warding","Anti-Magical","Physical"))))
J48: =IF(G48="","",IFERROR(IF(G48="infusing",IFERROR(LOOKUP(2,1/ISNUMBER(SEARCH(_lookup!$D$3:$D$4,H48)),_lookup!$E$3:$E$4),"INT"),VLOOKUP(G48,_lookup!$A$3:$B$14,2,FALSE)),"")) | K48: =IF(F48<>"weapon","",IF(G48="miscellaneous","1-4",IF(I48="","",IFERROR(VLOOKUP(I48&"|"&IF(LEFT(H48,2)="2H",2,1)&"|"&IF(G48="slashing",1,0),_lookup!$G$3:$H$18,2,FALSE),"")))) | L48: =IF(K48="","",IF(OR(G48="channeling",G48="infusing"),"Magical",IF(G48="blocking","Anti-Physical",IF(G48="warding","Anti-Magical","Physical")))) | O48: =IF(F48<>"armor","","TBD") | P48: =IF(O48="","",IF(OR(G48="channeling",G48="infusing"),"Magical",IF(G48="blocking","Anti-Physical",IF(G48="warding","Anti-Magical","Physical"))))
J49: =IF(G49="","",IFERROR(IF(G49="infusing",IFERROR(LOOKUP(2,1/ISNUMBER(SEARCH(_lookup!$D$3:$D$4,H49)),_lookup!$E$3:$E$4),"INT"),VLOOKUP(G49,_lookup!$A$3:$B$14,2,FALSE)),"")) | K49: =IF(F49<>"weapon","",IF(G49="miscellaneous","1-4",IF(I49="","",IFERROR(VLOOKUP(I49&"|"&IF(LEFT(H49,2)="2H",2,1)&"|"&IF(G49="slashing",1,0),_lookup!$G$3:$H$18,2,FALSE),"")))) | L49: =IF(K49="","",IF(OR(G49="channeling",G49="infusing"),"Magical",IF(G49="blocking","Anti-Physical",IF(G49="warding","Anti-Magical","Physical")))) | O49: =IF(F49<>"armor","","TBD") | P49: =IF(O49="","",IF(OR(G49="channeling",G49="infusing"),"Magical",IF(G49="blocking","Anti-Physical",IF(G49="warding","Anti-Magical","Physical"))))
J50: =IF(G50="","",IFERROR(IF(G50="infusing",IFERROR(LOOKUP(2,1/ISNUMBER(SEARCH(_lookup!$D$3:$D$4,H50)),_lookup!$E$3:$E$4),"INT"),VLOOKUP(G50,_lookup!$A$3:$B$14,2,FALSE)),"")) | K50: =IF(F50<>"weapon","",IF(G50="miscellaneous","1-4",IF(I50="","",IFERROR(VLOOKUP(I50&"|"&IF(LEFT(H50,2)="2H",2,1)&"|"&IF(G50="slashing",1,0),_lookup!$G$3:$H$18,2,FALSE),"")))) | L50: =IF(K50="","",IF(OR(G50="channeling",G50="infusing"),"Magical",IF(G50="blocking","Anti-Physical",IF(G50="warding","Anti-Magical","Physical")))) | O50: =IF(F50<>"armor","","TBD") | P50: =IF(O50="","",IF(OR(G50="channeling",G50="infusing"),"Magical",IF(G50="blocking","Anti-Physical",IF(G50="warding","Anti-Magical","Physical"))))
J51: =IF(G51="","",IFERROR(IF(G51="infusing",IFERROR(LOOKUP(2,1/ISNUMBER(SEARCH(_lookup!$D$3:$D$4,H51)),_lookup!$E$3:$E$4),"INT"),VLOOKUP(G51,_lookup!$A$3:$B$14,2,FALSE)),"")) | K51: =IF(F51<>"weapon","",IF(G51="miscellaneous","1-4",IF(I51="","",IFERROR(VLOOKUP(I51&"|"&IF(LEFT(H51,2)="2H",2,1)&"|"&IF(G51="slashing",1,0),_lookup!$G$3:$H$18,2,FALSE),"")))) | L51: =IF(K51="","",IF(OR(G51="channeling",G51="infusing"),"Magical",IF(G51="blocking","Anti-Physical",IF(G51="warding","Anti-Magical","Physical")))) | O51: =IF(F51<>"armor","","TBD") | P51: =IF(O51="","",IF(OR(G51="channeling",G51="infusing"),"Magical",IF(G51="blocking","Anti-Physical",IF(G51="warding","Anti-Magical","Physical"))))
J52: =IF(G52="","",IFERROR(IF(G52="infusing",IFERROR(LOOKUP(2,1/ISNUMBER(SEARCH(_lookup!$D$3:$D$4,H52)),_lookup!$E$3:$E$4),"INT"),VLOOKUP(G52,_lookup!$A$3:$B$14,2,FALSE)),"")) | K52: =IF(F52<>"weapon","",IF(G52="miscellaneous","1-4",IF(I52="","",IFERROR(VLOOKUP(I52&"|"&IF(LEFT(H52,2)="2H",2,1)&"|"&IF(G52="slashing",1,0),_lookup!$G$3:$H$18,2,FALSE),"")))) | L52: =IF(K52="","",IF(OR(G52="channeling",G52="infusing"),"Magical",IF(G52="blocking","Anti-Physical",IF(G52="warding","Anti-Magical","Physical")))) | O52: =IF(F52<>"armor","","TBD") | P52: =IF(O52="","",IF(OR(G52="channeling",G52="infusing"),"Magical",IF(G52="blocking","Anti-Physical",IF(G52="warding","Anti-Magical","Physical"))))
... J500: =IF(G500="","",IFERROR(IF(G500="infusing",IFERROR(LOOKUP(2,1/ISNUMBER(SEARCH(_lookup!$D$3:$D$4,H500)),_lookup!$E$3:$E$4),"INT"),VLOOKUP(G500,_lookup!$A$3:$B$14,2,FALSE)),"")) | K500: =IF(F500<>"weapon","",IF(G500="miscellaneous","1-4",IF(I500="","",IFERROR(VLOOKUP(I500&"|"&IF(LEFT(H500,2)="2H",2,1)&"|"&IF(G500="slashing",1,0),_lookup!$G$3:$H$18,2,FALSE),"")))) | L500: =IF(K500="","",IF(OR(G500="channeling",G500="infusing"),"Magical",IF(G500="blocking","Anti-Physical",IF(G500="warding","Anti-Magical","Physical")))) | O500: =IF(F500<>"armor","","TBD") | P500: =IF(O500="","",IF(OR(G500="channeling",G500="infusing"),"Magical",IF(G500="blocking","Anti-Physical",IF(G500="warding","Anti-Magical","Physical"))))

Sheet lootbox_table
A1: item_id | B1: name | C1: spawn1 | D1: spawn2 | E1: spawn3 | F1: spawn4 | G1: spawn5 | H1: gold_adjust | I1: spawngold | J1: spawnstatus1 | K1: spawnstatus2 | L1: spawnstatus3
A2: IT23 | B2: Ribbon Clam | C2: Clam Meat | D2: Lustrous Pearl|Iridescent Pearl| | | | H2: 0
A3: IT24 | B3: Deepwater Clam | C3: Clam Meat | D3: Golden Pearl|Black Pearl| | | | H3: 0
A4: IT35 | B4: Crab Trap | C4: Spiral Snail|Pink Prawn|Red Lobster|River Crab| | | | H4: 0
A5: IT30 | B5: Waterlogged Letter | H5: 1 | I5: 3-6
A6: IT31 | B6: Sunken Satchel | H6: 1 | I6: 11-18
A7: IT32 | B7: Banded Crate | H7: 1 | I7: 33-56
A8: IT33 | B8: Riverbed Chest | H8: 1 | I8: 63-106

Sheet _values
A1: Allowed values. Add a row to extend a list -- the dropdowns and sync_items_data.py both read these columns.
A2: tts_type | B2: type | C2: tier | D2: subtype | E2: sub_weapon | F2: sub_armor | G2: sub_consumable | H2: sub_goods | I2: subsubtype | J2: ss_hacking | K2: ss_slashing | L2: ss_bludgeoning | M2: ss_thrusting | N2: ss_projectile | O2: ss_blocking | P2: ss_channeling | Q2: ss_warding | R2: ss_infusing | S2: ss_material | T2: ss_heavy | U2: ss_medium | V2: ss_light | W2: ss_trinket | X2: ss_miscellaneous | Y2: sub_skill | Z2: ss_profession
A3: tile | B3: weapon | C3: 0 | D3: hacking | E3: hacking | F3: heavy | G3: food | H3: treasure | I3: 1H Shield | J3: 1H Axe | K3: 1H Sword | L3: 1H Mace | M3: 1H Dagger | N3: 1H Crossbow | O3: 1H Shield | P3: 1H Wand | Q3: 1H Scroll | R3: 1H Lightning Mote | S3: ore | T3: head | U3: head | V3: head | W3: finger | X3: 1H | Y3: profession | Z3: gathering
A4: token | B4: armor | C4: 1 | D4: slashing | E4: slashing | F4: medium | G4: drink | H4: quest | I4: 2H Dueling Shield | J4: 2H Greataxe | K4: 2H Greatsword | L4: 2H Greatmace | M4: 2H Spear | N4: 2H Bow | O4: 2H Dueling Shield | P4: 2H Staff | Q4: 2H Tome | R4: 1H Fire Mote | S4: gem | T4: body | U4: body | V4: body | W4: neck | X4: 2H | Y4: general | Z4: crafting
B5: consumable | C5: 2 | D5: bludgeoning | E5: bludgeoning | F5: light | G5: potion | H5: junk | I5: 1H Mace | R5: 1H Shadow Mote | S5: fiber | T5: gloves | U5: gloves | V5: gloves | W5: belt | X5: head
B6: goods | C6: 3 | D6: thrusting | E6: thrusting | F6: trinket | G6: bandage | H6: material | I6: 2H Greatmace | R6: 1H Frost Mote | S6: seed | T6: boots | U6: boots | V6: boots | W6: back | X6: hands
B7: skill | D7: projectile | E7: projectile | F7: miscellaneous | G7: repair kit | H7: miscellaneous | I7: 1H Wand | R7: 2H Lightning Heart | S7: herb
D8: blocking | E8: blocking | G8: rune | H8: contraband | I8: 2H Staff | R8: 2H Fire Heart | S8: wood
D9: channeling | E9: channeling | G9: augment | I9: 1H Axe | R9: 2H Shadow Heart | S9: leather
D10: warding | E10: warding | G10: lootbox | I10: 2H Greataxe | R10: 2H Frost Heart | S10: wrap
D11: infusing | E11: infusing | I11: head | S11: meat
D12: heavy | E12: miscellaneous | I12: body | S12: fish
D13: medium | I13: gloves | S13: stone
D14: light | I14: boots | S14: chitin
D15: food | I15: 1H Lightning Mote | S15: hide
D16: drink | I16: 1H Fire Mote | S16: mushroom
D17: potion | I17: 1H Shadow Mote | S17: sap
D18: bandage | I18: 1H Frost Mote
D19: repair kit | I19: 2H Lightning Heart
D20: rune | I20: 2H Fire Heart
D21: augment | I21: 2H Shadow Heart
D22: treasure | I22: 2H Frost Heart
D23: quest | I23: ore
D24: junk | I24: gem
D25: material | I25: fiber
D26: trinket | I26: seed
D27: miscellaneous | I27: herb
D28: lootbox | I28: wood
D29: profession | I29: leather
... D31: contraband | I31: meat
I32: fish
I33: stone
I34: 1H Crossbow
I35: 2H Bow
I36: 1H Sword
I37: 2H Greatsword
I38: 1H Dagger
I39: 2H Spear
I40: finger
I41: neck
I42: belt
I43: back
... I50: crafting

Sheet _lookup
A1: Tables the items-sheet formulas read. Generated -- change the rules in tools/build_items_xlsx.py, not here.
A2: subtype | B2: stat | D2: element | E2: stat | G2: tier|hands|slashing | H2: range
A3: hacking | B3: STR | D3: Shadow | E3: INT or AGI | G3: 0|1|0 | H3: 1-6
A4: bludgeoning | B4: STR | D4: Frost | E4: INT or STA | G4: 0|1|1 | H4: 1-5
A5: slashing | B5: STR or STA | G5: 0|2|0 | H5: 2-12
A6: thrusting | B6: STR or AGI | G6: 0|2|1 | H6: 2-10
A7: projectile | B7: AGI | G7: 1|1|0 | H7: 3-9
A8: channeling | B8: AGI | G8: 1|1|1 | H8: 3-8
A9: blocking | B9: STA | G9: 1|2|0 | H9: 6-18
A10: warding | B10: STA | G10: 1|2|1 | H10: 6-16
A11: infusing | B11: INT | G11: 2|1|0 | H11: 5-12
A12: heavy | B12: STR or STA | G12: 2|1|1 | H12: 5-11
A13: medium | B13: AGI or STA | G13: 2|2|0 | H13: 10-24
A14: light | B14: INT or STA | G14: 2|2|1 | H14: 10-22
G15: 3|1|0 | H15: 7-15
G16: 3|1|1 | H16: 7-14
G17: 3|2|0 | H17: 14-30
G18: 3|2|1 | H18: 14-28
